53,0,0,5,5,5,65,0,0,5,5,5,56,0,0,5,5,5,62,0,0,5,5,5,71,0,0,5,5,5,56,0,0,5,5,5,61,0,0,5,5,5,63,0,0,5,5,5,54,0,0,5,5,5,52,0,0,5,5,5
53,1,1,5.7,3.8,4.84,65,1,1,5.7,3.8,4.87,56,1,1,5.7,3.8,4.95,62,1,1,5.7,3.8,4.89,71,1,1,5.7,3.8,4.88,56,1,1,5.7,3.8,4.92,61,1,1,5.7,3.8,4.91,63,1,1,5.7,3.8,4.96,54,1,1,5.7,3.8,4.82,52,1,1,5.7,3.8,4.93
53,2,2,6.37,2.66,4.71,65,2,2,6.37,2.66,4.67,56,2,2,6.37,2.66,4.77,62,2,2,6.37,2.66,4.8,71,2,2,6.37,2.66,4.87,56,2,2,6.37,2.66,4.74,61,2,2,6.37,2.66,4.71,63,2,2,6.37,2.66,4.86,54,2,2,6.37,2.66,4.7,52,2,2,6.37,2.66,4.83
53,3,3,7,1.58,4.76,65,3,3,7,1.58,4.55,56,3,3,7,1.58,4.69,62,3,3,7,1.58,4.68,71,3,3,7,1.58,4.89,56,3,3,7,1.58,4.66,61,3,3,7,2.43,4.6,63,3,3,7,1.58,4.79,54,3,3,7,2.43,4.68,52,3,3,7,2.53,4.83
52,4,4,7.6,1.5,4.76,64,4,4,7.6,2.27,4.52,56,4,4,7.6,1.5,4.72,61,4,4,7.6,1.45,4.63,70,4,4,7.6,1.45,4.91,56,4,4,6.78,2.22,4.54,61,4,4,7.6,2.22,4.62,63,4,4,7.6,1.5,4.67,54,4,4,7.6,2.31,4.76,52,4,4,7.6,2.4,4.84
51,5,5,8.17,1.24,4.77,64,5,5,7.39,1.2,4.51,56,5,5,8.17,2.02,4.74,60,5,5,8.17,1.42,4.66,70,5,5,8.17,1.38,4.8,56,5,5,7.39,1.16,4.57,61,5,5,7.39,2.15,4.6,63,5,5,7.26,1.42,4.6,54,5,5,7.39,1.25,4.63,52,5,5,8.17,2.28,4.87
49,6,6,8.71,1.7,4.93,63,6,6,7.93,1.26,4.46,56,6,6,7.97,1.92,4.9,60,6,6,8.71,1.35,4.54,69,6,6,8.71,1.22,4.67,55,6,6,7.89,1.1,4.73,61,6,6,7.97,1.99,4.53,63,6,6,7.81,1.35,4.63,53,6,6,7.81,1.18,4.68,52,6,6,7.97,2.17,4.85
48,7,7,8.37,1.56,4.94,61,7,7,7.79,1.11,4.51,55,7,7,8.49,1.82,4.93,60,7,7,9.22,1.28,4.52,68,7,7,8.27,1.16,4.79,55,7,7,8.45,1.05,4.63,61,7,7,8.52,1.64,4.52,63,7,7,7.79,1.28,4.62,53,7,7,8.37,1.13,4.77,52,7,7,8.52,1.6,4.86
46,8,8,7.95,1.77,5.04,59,8,8,8.31,1.34,4.59,55,8,8,9.01,1.73,4.84,60,8,8,9.71,1.22,4.61,67,8,8,8.28,1.1,4.81,54,8,8,8.03,1.43,4.8,60,8,8,9.01,1.59,4.61,63,8,8,7.5,1.88,4.63,52,8,8,8.9,1.07,4.73,51,8,8,8.31,1.52,4.88
46,9,9,7.47,1.3,4.97,59,9,9,8.85,1.28,4.59,55,9,9,8.56,1.64,4.71,60,9,9,9.23,1.16,4.68,65,9,9,8.81,2.34,4.9,53,9,9,8.58,1.36,4.76,58,9,9,9.4,1.5,4.68,62,9,9,8.04,1.47,4.63,52,9,9,8.45,1.02,4.78,50,9,9,8.85,1.43,4.92
46,10,6,7.96,4.31,5.59,61,10,6,8.41,3.59,5.27,58,10,6,9.03,4.15,5.36,63,10,6,9.72,3.8,5.53,69,10,6,8.4,3.91,5.44,55,10,6,9.1,3.7,5.33,61,10,6,8.93,3.65,5.47,64,10,6,8.59,3.64,5.25,54,10,6,7.48,3.84,5.34,52,10,6,8.41,3.85,5.55
46,11,7,8.51,3.8,5.43,61,11,7,7.99,3,5.24,58,11,7,9.17,3.8,5.38,63,11,7,9.23,2.7,5.39,69,11,7,8.93,3.33,5.49,55,11,7,9.59,2.63,5.29,61,11,7,9.44,3.47,5.43,64,11,7,8.2,3.46,5.27,54,11,7,7.65,3.29,5.33,52,11,7,8.14,3.73,5.6
46,12,8,9.04,3.38,5.29,61,12,8,7.86,1.9,5.1,58,12,8,8.72,2.66,5.29,63,12,8,9.55,2.07,5.21,69,12,8,9.43,2.66,5.46,55,12,8,9.11,1.55,5.3,61,12,8,8.96,3.29,5.39,64,12,8,7.87,2.75,5.35,54,12,8,8.22,2.18,5.35,52,12,8,8.69,3.55,5.59
46,13,9,8.58,2.26,5.17,60,13,9,8.42,2.17,5.13,58,13,9,8.28,1.58,5.24,63,13,9,10.02,1.96,5.16,69,13,9,9.91,1.58,5.37,54,13,9,9.61,1.69,5.35,61,13,9,8.52,2.43,5.39,64,13,9,8.42,2.61,5.36,54,13,9,8.12,1.12,5.26,52,13,9,9.2,2.7,5.51
46,14,10,8.15,1.36,5.07,60,14,10,8.37,1.11,4.94,58,14,10,8.48,1.5,5.18,62,14,10,9.52,2.22,5.1,68,14,10,9.42,1.82,5.26,54,14,10,9.13,1.6,5.4,61,14,10,8.74,2.31,5.3,64,14,10,8.91,2.19,5.41,53,14,10,8.67,1.29,5.27,52,14,10,9.69,2.23,5.46
46,15,11,8.49,1.09,4.92,59,15,11,8.9,1.05,5.06,58,15,11,9.01,1.42,5.07,62,15,11,9.45,1.16,5,67,15,11,9.89,2.02,5.16,54,15,11,9.09,1.78,5.32,61,15,11,8.3,1.83,5.29,64,15,11,8.97,1.13,5.4,53,15,11,8.23,1.08,5.23,52,15,11,9.89,2.44,5.5
44,16,12,9.01,1.23,5.02,59,16,12,8.45,1,4.95,57,16,12,9.5,1.35,5.11,61,16,12,9.93,2.47,5.09,67,16,12,9.58,1.11,5.02,54,16,12,9.59,1.37,5.23,61,16,12,8.38,1.15,5.35,63,16,12,9.47,2.24,5.51,52,16,12,8.77,1.02,5.28,52,16,12,10.35,2.85,5.6
44,17,13,8.56,1.17,4.9,59,17,13,8.98,1.71,4.83,57,17,13,9.03,1.86,4.97,61,17,13,10.23,2.35,5.09,65,17,13,9.1,1.65,5.03,53,17,13,9.62,1.3,5.23,61,17,13,8.74,1.09,5.43,63,17,13,9.49,1.68,5.54,51,17,13,9.28,1.87,5.36,52,17,13,10.78,2.54,5.76
44,18,14,9.09,1.69,4.85,58,18,14,9.48,1.26,4.89,56,18,14,8.58,1.76,4.95,61,18,14,9.71,1.51,5.03,64,18,14,8.78,1.34,5.07,52,18,14,9.6,1.23,5.26,61,18,14,9.26,1.04,5.48,63,18,14,9.09,1.07,5.55,51,18,14,9.77,1.77,5.28,52,18,14,11.19,1.46,5.6
43,19,15,8.63,1.6,4.81,58,19,15,9.24,1.33,4.94,56,19,15,8.78,1.67,4.94,60,19,15,9.91,1.11,5.06,64,19,15,9.17,1.28,4.93,52,19,15,9.12,1.45,5.24,60,19,15,8.79,1.21,5.53,63,19,15,9.59,1.02,5.5,51,19,15,10.23,1.68,5.29,51,19,15,11.58,2.21,5.59
43,20,16,7.82,1.52,4.7,58,20,16,8.78,1.26,4.95,56,20,16,9.29,1.57,4.98,60,20,16,10.36,1.06,5.04,63,20,16,9.66,1.21,4.84,52,20,16,9.56,1.38,5.25,59,20,16,9.25,1.47,5.6,62,20,16,9.28,1.44,5.51,51,20,16,9.72,1.6,5.2,51,20,16,11,2.23,5.66
43,21,17,8.38,1.31,4.66,58,21,17,8.43,1.2,4.89,56,21,17,8.96,1.5,4.98,60,21,17,10.79,1,5,61,21,17,10.13,1.15,4.9,52,21,17,9.92,1.16,5.24,59,21,17,9.73,1.4,5.58,62,21,17,9.6,1.37,5.37,51,21,17,10.18,1.76,4.99,51,21,17,10.45,2.25,5.62
41,22,19,8.66,1.63,4.88,58,22,18,8.96,1.34,4.82,56,22,18,8.51,1.05,4.97,58,22,18,10.28,1.91,5.14,61,22,18,9.62,1.14,4.92,52,22,18,10,1.86,5.22,59,22,18,10.2,1.67,5.54,62,22,18,10.06,1.75,5.29,51,22,18,10.62,1.67,4.91,51,22,18,9.93,2.14,5.62
41,23,20,9.17,1.65,4.89,58,23,19,9.46,1.28,4.74,55,23,19,8.95,1.35,4.98,57,23,19,10.69,1.97,5.32,60,23,19,9.14,1.28,4.93,52,23,19,10.45,1.77,5.25,58,23,19,9.69,1.22,5.57,62,23,19,9.55,1.19,5.14,51,23,19,10.09,1.48,4.8,51,23,19,10.38,1.45,5.56
41,24,21,9.66,1.57,4.88,58,24,20,9.34,1.22,4.7,55,24,20,8.76,1.53,4.99,57,24,20,11.11,1.87,5.29,59,24,20,9.56,1.22,4.95,52,24,20,10.88,1.85,5.24,58,24,20,10.15,1.16,5.58,61,24,20,9.37,2.02,5.27,50,24,20,9.59,1.41,4.76,51,24,20,9.48,1.37,5.39
40,25,22,10.13,1.04,5.07,58,25,21,8.87,1.16,4.7,54,25,21,8.39,1.36,4.95,57,25,21,10.97,1.72,5.34,58,25,21,9.2,1.15,4.86,51,25,21,11.28,1.76,5.23,58,25,21,10.59,1.1,5.44,61,25,21,9.57,1.5,5.24,49,25,21,9.26,1.88,4.77,51,25,21,9.92,1.52,5.24
39,26,23,9.63,1.44,5.01,58,26,22,8.43,1.08,4.69,52,26,22,8.92,1.38,4.98,57,26,22,11.37,1.63,5.33,58,26,22,9.58,1.1,4.85,51,26,22,11.32,1.67,5.08,58,26,22,11.01,1.04,5.43,61,26,22,9.09,1.42,5.07,49,26,22,9.75,1.78,4.76,51,26,22,10.38,1.28,5.22
39,27,24,9.36,1.37,5.1,58,27,23,8.01,1.42,4.67,51,27,23,8.38,2.26,5.02,57,27,23,10.81,1.55,5.16,58,27,23,9.34,1.43,4.79,51,27,23,11.71,1.58,4.97,57,27,23,11.41,1.16,5.53,61,27,23,8.98,1.14,5.02,49,27,23,9.26,1.16,4.64,50,27,24,9.98,1.53,5.37
39,28,25,9.84,1.3,5.09,58,28,24,8.22,1.35,4.68,51,28,24,8.92,1.25,4.83,56,28,24,11.21,2,5.18,58,28,24,8.87,1.36,4.57,51,28,24,12.07,1.51,5,56,28,24,11.79,1.35,5.67,61,28,24,8.53,1.08,4.89,48,28,24,9.12,1.78,4.65,50,28,25,9.48,1.45,5.31
39,29,26,9.35,1.23,5.03,57,29,25,8.76,1.28,4.68,50,29,25,9.42,1.38,4.85,56,29,25,11.6,1.28,5.26,57,29,25,9.29,1.06,4.6,51,29,25,12.42,1.43,4.94,54,29,25,11.2,1.39,5.8,59,29,25,8.11,1.03,4.96,48,29,25,9.61,1.69,4.64,50,29,26,9.22,1.18,5.2
40,30,18,9.1,4.01,5.78,58,30,17,9.27,3.76,5.33,51,30,17,9.9,3.62,5.49,58,30,17,11.97,4.2,5.87,58,30,18,8.97,3.32,5.33,54,30,17,12.75,3.75,5.67,57,30,17,11.59,4.21,6.29,60,30,17,8.65,3.84,5.69,49,30,17,10.08,3.66,5.42,52,30,17,9.31,4.01,5.72
40,31,19,8.65,3.8,5.63,58,31,18,9.76,2.85,5.37,51,31,18,10.35,3.44,5.48,58,31,18,12.33,3.04,5.79,58,31,19,9.47,3.16,5.28,54,31,18,12.11,3.57,5.68,57,31,18,11.96,3.57,6.18,60,31,18,9.04,2.8,5.68,49,31,18,10.53,2.72,5.38,52,31,18,9.8,3.8,5.58
40,32,20,8.97,3.61,5.63,58,32,19,10.22,2.66,5.24,51,32,19,10.79,2.66,5.39,58,32,19,12.66,1.94,5.79,58,32,20,9,2.54,5.23,54,32,19,11.5,2.66,5.52,57,32,19,12.01,2.66,6.1,60,32,19,9.54,1.71,5.63,49,32,19,10.95,2.36,5.31,52,32,19,9.31,2.66,5.47
40,33,21,9.18,3.34,5.57,58,33,20,9.71,2.4,5.22,51,33,20,11.2,1.58,5.33,57,33,20,12.03,2.53,5.87,58,33,21,8.55,2.41,5.08,54,33,20,10.93,1.58,5.47,57,33,20,12.36,2.53,6.06,60,33,20,10.01,1.62,5.44,49,33,20,10.4,2.24,5.35,52,33,20,9.13,2.39,5.41
40,34,22,8.72,2.65,5.31,58,34,21,9.22,1.33,5.22,51,34,21,10.64,1.5,5.43,57,34,21,12.37,1.45,5.89,58,34,22,8.51,1.41,4.98,54,34,21,11.33,1.5,5.55,57,34,21,12.11,2.22,5.84,59,34,20,9.51,2.31,5.33,49,34,21,10.63,2.13,5.41,52,34,21,9.62,1.36,5.25
40,35,23,8.09,2.21,5.17,58,35,22,9.71,1.27,5.14,50,35,22,10.26,2.37,5.59,57,35,22,10.81,1.38,5.8,58,35,23,9.03,1.32,4.83,54,35,22,11.72,1.42,5.57,57,35,22,11.5,1.16,5.73,59,35,21,9.04,1.79,5.22,49,35,22,11.05,1.11,5.38,52,35,22,10.09,1.29,5.19
40,36,24,7.68,1.15,5.05,58,36,23,10.18,1.2,5.03,50,36,23,10.19,2.25,5.56,57,36,23,11.22,1.31,5.74,58,36,24,9.53,1.26,4.62,53,36,23,12.08,1.35,5.63,56,36,24,10.59,1.1,5.7,58,36,22,9.54,1.87,5.25,48,36,23,11.45,2.13,5.45,52,36,23,10.54,1.09,5.04
40,37,25,8.25,1.09,4.99,58,37,24,10.3,1.11,5.07,50,37,24,10.63,1.19,5.47,56,37,24,11.6,1.24,5.83,58,37,25,9.05,1.19,4.5,52,37,24,12.43,1.28,5.74,56,37,25,10.06,1.52,5.6,57,37,24,10.01,1.03,5.23,48,37,24,10.87,1.15,5.39,52,37,24,10.01,1.03,4.95
40,38,26,8.79,1.99,4.95,56,38,25,10.73,1.09,5.24,50,38,25,11.03,1.13,5.31,55,38,26,11.02,1.18,5.97,58,38,26,8.6,1.14,4.42,52,38,25,12.19,1.22,5.72,56,38,26,10.27,1.44,5.59,56,38,25,10.46,1.73,5.15,47,38,25,10.33,1.1,5.4,51,38,26,10.46,1.63,5.11
40,39,27,8.41,1.91,4.82,56,39,26,11.15,1.03,5.17,50,39,26,11.43,1.08,5.31,55,39,27,10.47,2.07,5.98,57,39,27,8.17,1.21,4.53,52,39,26,12.53,1.16,5.64,56,39,27,10.71,1.37,5.4,56,39,26,10.89,1.98,5.22,47,39,26,9.81,1.04,5.33,51,39,27,9.94,1.54,5.06
39,40,28,7.99,2.39,4.77,54,40,27,10.14,1.36,5.19,50,40,27,10.86,1.24,5.29,55,40,28,10.9,1.93,5.91,57,40,28,8.52,1.15,4.55,50,40,27,12.85,1.1,5.74,55,40,28,10.17,1.3,5.33,56,40,27,10.34,1.03,5.16,46,40,27,10.27,1.27,5.52,50,40,28,9.44,1.47,5.1
39,41,29,8.54,1.76,4.75,53,41,28,10.58,1.29,5.16,50,41,28,10.32,1.18,5.25,55,41,29,11.3,1.84,5.92,56,41,29,8.09,1.09,4.53,49,41,28,12.49,1.05,5.75,55,41,29,10.62,1.24,5.21,54,41,27,9.91,2.36,5.35,46,41,28,9.95,1.21,5.64,50,41,29,9.16,1.55,5.07
39,42,30,8.11,1.68,4.66,53,42,29,10.84,1.22,4.99,50,42,29,10.75,1.12,5.14,55,42,30,10.86,1.74,5.83,55,42,30,7.92,1.04,4.43,48,42,29,12.55,1.71,5.75,54,42,30,11.03,1.17,5.17,54,42,28,9.42,2.7,5.19,46,42,29,10.41,1.75,5.67,50,42,30,9.47,1.28,4.93
39,43,31,7.81,1.59,4.58,52,43,30,9.55,1.16,4.86,50,43,30,11.16,1.06,5.13,55,43,31,11.27,2.36,5.78,53,43,30,8.26,1.13,4.46,47,43,31,12.87,1.63,5.81,54,43,31,11.43,1.12,5.09,54,43,29,9.9,2.57,5.21,46,43,30,10.84,1.04,5.67,49,43,31,9.95,1.38,4.99
39,44,32,7.67,1.41,4.54,50,44,31,9.08,1.35,4.88,50,44,31,11.55,1.01,5.09,55,44,32,11.65,2.24,5.67,52,44,31,7.84,1.25,4.4,47,44,32,12.23,1.55,5.8,54,44,32,11.32,1.06,5.08,54,44,30,10.35,1.78,5.14,43,44,30,11.24,2.07,5.91,49,44,32,10.4,1.32,4.91
39,45,33,8.23,1.44,4.58,48,45,33,8.97,1.29,4.97,49,45,32,10.98,1.5,5.12,55,45,33,12.02,1.9,5.45,49,45,32,8.4,1.19,4.61,47,45,33,11.03,1.12,5.77,54,45,33,11.27,1.01,5.07,54,45,31,10.79,1.65,5.13,43,45,31,11.63,1.97,5.88,48,45,32,10.83,1.25,4.91
39,46,34,8.77,1.37,4.52,46,46,34,9.46,1.22,5.04,49,46,33,10.43,1.42,5.1,54,46,34,10.55,2.33,5.38,48,46,33,8.83,1.13,4.53,46,46,34,11.43,1.39,5.85,53,46,35,11.65,1.93,5.16,51,46,33,11.2,2.2,5.4,43,46,32,12,1.28,5.9,48,46,33,10.29,1.19,4.94
38,47,35,9.28,1.36,4.72,46,47,35,9.51,1.16,4.97,49,47,34,9.91,1.31,5.02,54,47,35,10.98,1.52,5.33,48,47,34,9.34,2.02,4.62,44,47,35,10.86,1.39,5.93,52,47,36,11.07,2.43,5.23,51,47,34,11.59,2.09,5.37,43,47,33,12.35,1.84,5.87,47,47,34,10.72,1.13,5.08
38,48,36,9.77,1.01,4.73,45,48,36,9.99,1.1,4.83,48,48,35,9.41,1.28,5.08,53,48,36,10.43,1.34,5.27,48,48,35,8.87,1.3,4.73,44,48,36,11.26,1.32,5.81,52,48,37,11.47,1.4,5.28,51,48,35,11.96,1.99,5.29,42,48,34,12.68,1.84,5.89,47,48,35,11.14,1.08,5.05
37,49,38,9.28,1.23,4.85,43,49,37,9.49,1.05,4.89,48,49,36,9.89,1.22,5.06,53,49,37,9.15,1.27,5.2,48,49,36,9.38,1.23,4.75,43,49,37,11.65,1.26,5.96,52,49,38,11.85,1.62,5.31,51,49,36,12.31,1.89,5.32,42,49,35,12.05,1,5.93,46,49,36,11.53,1.2,5.16
39,50,26,8.82,3.64,5.58,43,50,26,9.02,4.31,5.72,49,50,24,9.4,3.86,5.76,54,50,25,8.69,3.74,5.57,51,50,26,8.91,3.47,5.36,45,50,26,11.07,4.49,6.37,54,50,26,12.2,4.09,5.98,54,50,26,10.74,4.32,5.77,43,50,25,12.4,4.85,6.46,46,50,26,10.95,3.83,5.89
39,51,27,9.21,3.25,5.52,43,51,27,9.05,3.15,5.57,49,51,25,9.88,2.99,5.72,54,51,26,8.26,2.8,5.34,51,51,27,9.42,3.29,5.39,45,51,27,10.52,3.8,6.26,54,51,27,12.54,3.11,5.87,54,51,27,9.26,3.8,5.71,43,51,26,11.78,3.8,6.3,46,51,27,11.36,3.64,5.92
39,52,28,9.7,2.14,5.39,43,52,28,9.55,2.04,5.45,49,52,26,9.38,2.66,5.54,54,52,27,7.85,1.71,5.06,51,52,28,9.9,3.13,5.4,45,52,28,10.12,2.66,6.1,54,52,28,11.92,2.01,5.7,54,52,28,8.79,3.1,5.58,43,52,27,11.54,3.43,6.09,46,52,28,11.74,2.5,5.96
39,53,29,9.21,2.53,5.24,43,53,29,9.07,1.94,5.4,49,53,27,8.97,1.75,5.28,53,53,28,8.4,1.69,5.06,51,53,29,10.35,2.97,5.46,45,53,29,10.56,1.58,5.86,54,53,29,11.32,1.58,5.66,54,53,29,8.89,2.59,5.55,43,53,28,10.97,2.52,6.05,46,53,29,11.15,3.03,5.97
39,54,30,9.7,2.4,5.25,43,54,30,8.61,2.4,5.39,48,54,28,8.52,2.31,5.16,51,54,29,8.04,1.06,5.1,51,54,30,10.78,2.8,5.47,45,54,30,10.98,2.31,5.67,53,54,31,10.75,2.62,5.79,54,54,30,9.4,1.51,5.43,43,54,29,10.42,1.44,5.84,46,54,30,10.75,2.18,6.02
39,55,31,10.17,2.28,5.33,43,55,31,8.18,2.92,5.3,48,55,29,9.04,2.2,5.14,50,55,30,8.54,1.25,5.09,51,55,31,11.19,1.71,5.47,45,55,31,11.38,2.02,5.55,53,55,32,11.14,2.48,5.65,53,55,30,8.93,1.55,5.43,43,55,30,9.9,1.37,5.77,46,55,31,11.17,1.12,5.91
39,56,32,9.66,1.82,5.3,43,56,32,8.14,2.77,5.28,48,56,30,9.54,1.78,5.14,50,56,31,8.62,1.69,5.01,51,56,32,10.63,1.63,5.44,45,56,32,10.81,1.77,5.4,53,56,33,11.53,2.66,5.76,52,56,31,9.29,1.48,5.49,43,56,31,9.36,1.3,5.81,46,56,32,10.61,1.06,5.84
38,57,33,10.12,2.38,5.3,43,57,33,8.37,2.39,5.12,48,57,31,9.06,1.63,5.06,50,57,32,9.14,1.61,4.97,51,57,33,10.39,1.55,5.43,44,57,32,10.27,1.03,5.26,53,57,34,10.96,2.52,5.7,52,57,32,8.82,1.4,5.42,43,57,32,9.61,1.24,5.74,46,57,33,9.81,1.04,5.67
38,58,34,10.57,2.26,5.36,43,58,34,8.21,1.39,4.89,47,58,32,9.56,1.55,5.06,50,58,33,9.64,1.53,4.93,51,58,34,10.82,2.3,5.46,43,58,34,10.71,1.38,5.15,53,58,35,10.41,2.16,5.69,52,58,33,8.9,1.33,5.28,42,58,32,10.08,2.51,5.76,46,58,34,9.32,1.35,5.61
38,59,35,10.13,1.69,5.19,42,59,35,7.8,1.32,4.87,47,59,33,9.08,1.23,5.09,50,59,34,10.1,1.54,4.74,51,59,35,11.23,2.22,5.39,43,59,35,11.12,1.42,5.03,53,59,36,9.89,2.05,5.6,51,59,33,8.5,1.27,5.3,42,59,33,10.52,1.44,5.63,45,59,35,9.81,1.29,5.64
37,60,36,10.58,1.14,5.41,42,60,36,8.1,1.26,4.76,46,60,34,9.24,1.15,5.22,50,60,35,9.6,1.22,4.69,51,60,36,11.33,1.16,5.21,42,60,35,10.57,1.42,4.92,53,60,37,9.39,1.58,5.52,51,60,34,8.41,2.04,5.22,42,60,34,10,1.37,5.48,44,60,37,10.27,1.22,5.88
35,61,36,11,1.08,5.55,42,61,37,8.64,1.19,4.68,45,61,35,9.73,1.33,5.19,50,61,36,9.12,1.39,4.52,50,61,38,10.77,1.11,5.11,42,61,36,10.99,1.27,4.68,52,61,38,9.78,1.62,5.52,51,61,35,8.45,1.07,5.17,42,61,35,9.5,1.3,5.32,44,61,38,10.7,1.16,5.95
35,62,37,11.4,1.03,5.33,42,62,38,8.65,1.14,4.6,44,62,37,9.24,1.79,5.23,50,62,37,8.66,1.32,4.5,49,62,39,10.23,1.11,5.19,40,62,38,10.44,1.21,4.86,51,62,39,10.24,1.76,5.61,50,62,37,8.18,1.12,5.27,42,62,36,9.55,1.23,5.31,43,62,38,11.12,1.21,5.93
34,63,39,11.78,1.04,5.32,42,63,39,9.17,1.08,4.51,44,63,38,8.78,1.7,5.14,48,63,38,9.18,1.26,4.58,48,63,41,9.72,1.52,5.27,40,63,39,9.92,1.15,4.73,51,63,40,10.68,1.67,5.57,48,63,39,8.72,2.58,5.46,42,63,37,9.08,1.48,5.18,43,63,39,10.56,1.15,5.84
33,64,40,10.24,1.49,5.35,42,64,40,8.71,1.02,4.46,44,64,39,8.88,1.62,5.16,48,64,39,9.67,1.19,4.63,47,64,42,10.18,1.53,5.18,40,64,40,9.42,1.09,4.73,51,64,41,11.09,1.59,5.5,48,64,40,9.23,1.51,5.47,42,64,38,8.62,1.53,5.12,43,64,40,9.79,1.03,5.57
33,65,41,10.09,2.22,5.17,42,65,41,9.02,1.92,4.42,44,65,40,9.39,1.54,5.1,48,65,40,10.14,1.13,4.52,47,65,43,9.67,1.45,5.1,40,65,41,8.95,1.1,4.71,51,65,42,10.54,1.51,5.47,47,65,40,9.72,1.43,5.51,42,65,39,8.69,1.45,5.02,42,65,41,10.25,1.94,5.48
33,66,42,9.59,2.2,5.08,42,66,42,8.57,1.21,4.31,44,66,41,9.2,1.28,4.95,48,66,41,10.48,1.08,4.41,46,66,44,9.89,1.38,5.03,39,66,42,8.5,1.1,4.73,50,66,43,10.01,2.23,5.45,46,66,41,9.23,1.65,5.5,42,66,40,8.73,1,4.88,42,66,42,8.79,1.34,5.18
33,67,43,9.11,1.45,4.97,42,67,43,8.42,1.68,4.28,44,67,42,9.42,1.39,4.9,48,67,42,9.96,1.02,4.29,45,67,46,10.34,1.24,4.9,39,67,43,8.08,1.04,4.62,50,67,44,9.51,1.17,5.37,46,67,42,8.77,1.57,5.39,42,67,41,8.64,1.9,4.89,41,67,43,9.3,1.27,5
33,68,44,8.65,1.38,4.78,41,68,45,8.95,1.59,4.43,43,68,43,8.95,1.32,4.86,48,68,43,9.46,1.11,4.37,44,68,47,10.77,1.4,5.08,38,68,44,7.87,1.67,4.64,49,68,45,9.04,1.56,5.41,46,68,43,8.84,1.49,5.27,42,68,42,8.21,1.76,4.69,41,68,44,8.84,1.21,4.75
32,69,44,8.22,1.29,4.8,40,69,46,9.45,1.51,4.52,43,69,44,9.45,1.62,5.01,48,69,44,9.51,1.06,4.27,43,69,48,10.24,2.03,5.26,38,69,45,8.42,1.79,4.85,49,69,46,9.4,1.48,5.49,45,69,44,9.35,1.49,5.21,42,69,43,8.75,1.54,4.64,41,69,45,9.32,1.15,4.47
33,70,30,7.81,3.63,5.46,42,70,34,9.93,3.19,5.17,43,70,33,9.55,4.13,5.65,49,70,31,9.7,2.72,5.21,45,70,31,9.38,4.22,5.71,40,70,29,8.95,3.72,5.4,51,70,30,9.61,4.65,5.92,46,70,31,8.16,4.22,5.69,42,70,31,8.31,3.83,5.33,43,70,31,9.8,2.82,5.18
33,71,31,7.74,3.45,5.48,42,71,35,10.38,2.31,5.2,43,71,34,9.07,3.8,5.66,49,71,32,10.16,2.59,5.28,45,71,32,8.91,3.38,5.53,40,71,30,8.5,3.6,5.35,51,71,31,9.19,3.54,5.72,46,71,32,8.49,3.8,5.72,42,71,32,8.84,2.73,5.32,43,71,32,10.26,2.22,5.1
33,72,32,8.13,2.66,5.49,42,72,36,10.81,2.14,5.26,43,72,35,9.22,3.56,5.68,49,72,33,9.65,2.46,5.35,45,72,33,8.46,2.66,5.36,40,72,31,8.08,3.42,5.32,51,72,32,9.48,3.09,5.64,46,72,33,8.97,3.27,5.43,42,72,33,9.35,2.59,5.07,43,72,33,9.75,1.16,5
33,73,33,8.59,1.58,5.36,42,73,37,11.22,2.03,5.2,43,73,36,8.76,3.34,5.66,49,73,34,9.43,2.63,5.45,45,73,34,8.75,1.58,5.2,40,73,32,8.35,3.25,5.29,51,73,33,9.96,2.94,5.41,46,73,34,8.85,2.43,5.22,42,73,34,9.83,2.43,4.91,43,73,34,9.26,1.1,4.86
33,74,34,8.34,1.5,5.18,42,74,38,11.61,1.93,5.28,43,74,37,9.27,2.27,5.62,49,74,35,8.99,2.5,5.35,43,74,36,8.99,2.31,5.25,40,74,33,8.88,3.12,5.38,51,74,34,10.41,2.22,5.33,46,74,35,9.11,2.14,5.12,42,74,35,8.39,2.34,4.87,43,74,35,9.75,1.05,4.68
33,75,35,8.88,1.42,5.15,42,75,39,11.03,1.83,5.33,43,75,38,8.81,1.2,5.5,49,75,36,8.54,2.37,5.2,43,75,37,9.5,1.79,5.12,40,75,34,9.23,2.97,5.37,51,75,35,10.84,2.11,5.19,46,75,36,8.66,1.08,4.95,42,75,36,8.92,2.22,4.85,42,75,36,9.26,1.33,4.64
33,76,36,9.38,1.35,5.12,42,76,40,10.48,1.74,5.29,42,76,40,8.29,2.8,5.32,49,76,37,8.12,2.25,5.21,41,76,39,9.97,1.14,5.16,40,76,35,9.72,1.91,5.39,51,76,36,11.25,2,5.08,45,76,37,8.42,1.04,4.91,42,76,37,9.43,2.11,4.97,42,76,37,8.8,1.26,4.45
33,77,37,9.86,1.28,5.1,42,77,41,9.95,2.02,5.27,42,77,41,8.18,2.34,5.23,49,77,38,8.43,1.4,5.07,38,77,41,9.63,1.08,5.46,40,77,36,10.18,1.81,5.36,51,77,37,9.74,1.9,5.03,44,77,38,8.95,1.19,4.99,42,77,38,8.96,1.81,4.9,42,77,38,9.31,1.2,4.55
33,78,38,10.32,1.22,4.93,42,78,42,10.41,1.92,5.1,42,78,42,8.44,1.27,5.18,49,78,39,8.96,2.03,5.01,38,78,42,10.09,1.03,5.41,40,78,37,10.62,1.72,5.23,51,78,38,9.25,1.14,4.91,43,78,39,9.45,1.63,5.06,41,78,39,8.51,1.99,5.08,42,78,39,9.79,1.18,4.59
33,79,39,10.75,1.05,4.89,42,79,43,9.89,1.82,4.98,42,79,43,8.91,2.16,5.19,49,79,40,8.85,1.3,4.97,37,79,44,9.59,1.4,5.54,40,79,38,10.09,2.42,5.28,51,79,39,9.54,1.08,4.85,43,79,40,8.98,1.54,5.09,41,79,40,8.77,1.3,5.1,42,79,40,9.3,1.12,4.57
32,80,41,10.22,2.05,5.02,42,80,44,9.76,1.73,4.98,42,80,44,9.42,2.05,5.07,48,80,41,9.32,1.44,5.13,37,80,45,10.06,1.32,5.44,40,80,39,9.59,2.11,5.11,51,80,40,9.07,1.38,4.68,42,80,41,8.16,1.47,5.17,41,80,41,8.63,1.23,5.12,42,80,41,8.84,1.07,4.65
32,81,42,9.71,2.75,5.01,42,81,45,9.87,1.64,4.89,42,81,45,9.9,1.13,5.11,48,81,42,9.54,1.08,5.19,37,81,46,10.51,1.26,5.42,40,81,40,8.66,1.06,5,51,81,41,9.56,1.17,4.65,42,81,42,8.7,1.77,5.22,41,81,42,9.15,1.71,5.1,42,81,42,8.13,1.01,4.51
32,82,43,9.22,1.66,4.94,42,82,46,10.33,1,4.78,42,82,46,10.07,1.08,4.92,47,82,44,9.1,1.03,5.2,36,82,47,10.93,1.11,5.57,40,82,41,8.23,1,5.03,51,82,42,9.39,1.25,4.63,42,82,43,9.22,1.69,5.14,40,82,44,8.69,1.49,5.11,41,82,43,8.67,1.65,4.53
31,83,43,8.85,2.53,5.12,41,83,46,9.81,1.6,4.86,42,83,47,10.52,1.02,4.83,47,83,45,9.56,1.24,5.02,35,83,49,10.38,1.05,5.7,39,83,41,8.77,1.76,5.12,51,83,43,9.02,1.19,4.58,42,83,44,9.71,1.08,5,40,83,45,8.94,1.42,5.21,40,83,45,8.24,1.99,4.55
31,84,44,9.36,1.54,5.11,41,84,47,9.32,1.32,4.78,41,84,49,10.5,1.45,4.82,47,84,46,10.03,1.44,4.95,34,84,49,10.82,1.08,5.91,39,84,42,8.33,1.37,5.16,49,84,45,8.47,1.13,4.58,41,84,44,9.22,1.65,5.07,39,84,46,9.45,2.37,5.31,40,84,46,7.83,1.19,4.42
31,85,45,9.84,1.46,4.95,40,85,49,8.54,1.44,4.86,40,85,49,10.92,1.38,4.91,45,85,47,9.53,1.37,4.96,34,85,50,10.27,1.02,5.92,39,85,43,8.05,1.67,5.14,49,85,46,8.05,1.07,4.64,41,85,45,9.51,1.23,5.03,39,85,47,9.92,2.26,5.46,39,85,46,7.81,1.78,4.45
31,86,46,10.3,1.39,4.76,40,86,50,8.84,1.39,4.95,39,86,49,11.33,1.31,5.02,45,86,48,9.05,1.96,4.95,33,86,52,10.18,1.92,6.05,38,86,45,8.6,1.76,5.15,49,86,47,8.44,1.02,4.68,39,86,47,8.13,1.74,5.03,39,86,48,9.79,2.52,5.26,39,86,47,7.89,1.52,4.32
31,87,47,10.74,1.02,4.64,40,87,51,8.59,1.32,4.82,39,87,50,11.57,1.69,4.99,45,87,49,9.28,1.72,4.74,32,87,53,10.63,1.38,6.11,38,87,46,9.12,1.67,4.99,49,87,48,8.02,1.92,4.68,38,87,49,8.58,2.03,5.08,39,87,49,10.25,2.12,5.14,38,87,47,7.58,1.44,4.37
30,88,48,10.2,1.25,4.69,39,88,52,9.11,1.25,4.88,39,88,51,11.94,1.61,5.06,45,88,50,8.81,1.23,4.7,29,88,53,11.04,1.73,6.57,37,88,47,9.61,1.14,5.05,48,88,48,8.01,1.56,4.8,37,88,49,8.15,2.02,5.03,39,88,50,10.36,1.06,5.06,38,88,48,7.21,1.37,4.32
29,89,47,9.69,2.14,4.85,39,89,53,8.77,1.19,4.83,39,89,52,11.35,1.53,4.93,44,89,52,9.32,1.69,4.88,29,89,54,10.68,2.35,6.37,36,89,49,9.13,1.8,5.15,46,89,50,8.56,1.48,4.84,36,89,49,7.92,1.99,5.07,39,89,51,9.84,1.34,4.93,38,89,49,7.65,1.3,4.18
30,90,33,9.2,3.88,5.41,40,90,35,9.28,3.7,5.46,40,90,34,10.78,3.78,5.6,46,90,35,9.66,3.33,5.48,30,90,36,11.1,5,6.46,37,90,35,8.79,4.37,5.59,48,90,35,9.08,3.51,5.41,37,90,33,8.48,4.39,5.8,39,90,36,9.74,4.14,5.51,40,90,37,8.15,3.18,5.03
30,91,34,9.69,2.9,5.39,40,91,36,8.81,3.8,5.43,40,91,35,10.24,3.59,5.51,46,91,36,8.92,3.29,5.21,30,91,37,11.49,3.8,6.45,37,91,36,9.3,3.8,5.7,48,91,36,8.94,3.34,5.27,37,91,34,9,4.05,5.92,39,91,37,9.25,2.98,5.45,40,91,38,7.85,2.46,4.94
30,92,35,8.26,2.39,5.13,40,92,37,8.37,2.66,5.37,40,92,36,10.68,2.8,5.48,46,92,37,9.43,2.17,5.03,30,92,38,10.92,3.61,6.41,37,92,37,8.59,2.66,5.59,48,92,37,8.2,2.55,5.09,37,92,35,9.5,2.9,5.93,39,92,38,8.79,2.83,5.3,40,92,39,7.46,1.39,4.86
30,93,36,7.85,2.27,5.09,40,93,38,8.2,1.58,5.27,40,93,37,10.44,1.71,5.46,46,93,38,9.9,1.58,4.9,30,93,39,10.37,3.43,6.19,37,93,38,8.16,2.53,5.54,48,93,38,7.79,2.62,4.85,37,93,36,9.05,2.4,5.79,39,93,39,9.3,2.69,5.21,40,93,40,7.09,1.32,4.69
30,94,37,7.6,1.54,4.99,39,94,39,8.74,1.49,5.29,40,94,38,10.59,1.62,5.48,45,94,40,10.36,1.07,4.86,30,94,40,10,3.26,6.26,37,94,39,8.7,2.22,5.55,48,94,39,8.35,2.53,4.83,37,94,37,9.55,1.33,5.61,39,94,40,8.83,1.61,5.19,40,94,41,7.68,1.26,4.79
30,95,38,8.03,1.46,5,38,95,41,9.26,1.03,5.17,40,95,39,11.01,1.54,5.49,42,95,39,10.79,1.26,5.05,30,95,41,10.45,2.92,6.01,37,95,40,8.27,2.11,5.4,48,95,40,7.93,1.45,4.67,36,95,37,9.07,3.17,5.65,39,95,41,8.75,1.52,5.1,40,95,42,8.25,1.29,4.9
30,96,39,8.24,1.39,5.06,35,96,42,9.74,1.09,5.3,40,96,40,11.41,1.46,5.52,42,96,40,11.2,1.19,5.05,30,96,42,10.88,1.99,5.87,37,96,41,8.35,1.22,5.23,47,96,40,7.53,1.31,4.54,36,96,38,8.69,2.64,5.52,38,96,42,9.26,2.6,5.09,40,96,43,8.7,1.23,4.9
29,97,40,8.78,1.32,4.98,34,97,44,10.21,1.63,5.24,40,97,41,11.79,1.39,5.53,42,97,41,10.64,1.58,5.06,30,97,43,10.34,1.89,5.57,36,97,43,8.88,1.9,5.31,46,97,42,7.18,2.09,4.62,36,97,39,9.2,1.56,5.54,38,97,43,8.8,1.9,4.88,40,97,44,9.14,1.17,4.77
29,98,41,8.34,1.25,4.99,33,98,43,10.65,2.91,5.31,40,98,42,12.15,1.84,5.47,41,98,42,10.11,1.56,5.02,30,98,44,10.77,1.7,5.1,36,98,44,9.39,1.81,5.21,46,98,43,7.77,1.98,4.55,35,98,40,9.63,1.48,5.37,38,98,44,8.88,2.59,4.84,40,98,45,9.64,1.38,5.01
29,99,42,8.38,2.05,4.91,33,99,44,10.11,1.81,5.16,40,99,43,11.54,1.8,5.46,41,99,43,9.6,1.48,5,30,99,45,11.18,1.26,5.01,36,99,45,8.92,1.3,5.21,46,99,44,8.33,1.26,4.57,35,99,41,9.15,1.07,5.32,38,99,45,8.89,2.46,4.9,40,99,46,9.15,1.65,4.99
29,100,43,8.91,2.03,5.02,33,100,45,9.61,2.12,5.08,40,100,44,11.91,1.71,5.52,41,100,44,9.12,1.35,4.92,29,100,44,10.62,1.19,5.15,36,100,46,9.18,1.23,5.13,45,100,44,8.86,1.23,4.81,34,100,43,8.84,1.33,5.31,38,100,46,8.96,2.49,4.95,40,100,47,9.65,1.57,5.08
29,101,44,9.41,1.93,5.07,33,101,46,10.08,1.89,5.02,40,101,45,10.37,1.63,5.52,40,101,46,8.67,1.34,4.93,28,101,47,11.04,1.45,5.3,36,101,47,9.6,1.17,5.11,45,101,45,8.42,1.17,4.91,34,101,44,9.05,1.27,5.18,38,101,47,8.97,2.54,4.93,39,101,48,9.16,1.09,5
29,102,45,8.94,2.05,5.14,32,102,46,10.52,2.48,5.13,40,102,46,9.08,1.55,5.37,40,102,47,8.23,1.27,4.92,28,102,48,10.49,2.28,5.38,36,102,48,10.07,1.11,5.36,45,102,46,8,1.11,4.9,34,102,45,8.89,1.55,5.18,38,102,48,9.04,2.56,4.88,39,102,49,8.71,1.04,4.77
29,103,46,8.9,1.95,5.08,32,103,47,10.95,1.41,5.08,39,103,48,9.4,1.47,5.23,40,103,48,8.77,1.21,4.86,28,103,49,9.13,2.21,5.21,35,103,49,10.52,1.06,5.51,45,103,47,8.25,1.06,4.88,34,103,46,8.8,1.47,5.2,38,103,49,9.05,1.87,4.84,38,103,51,9,1.35,4.89
29,104,47,8.46,1.85,5.22,32,104,48,11.35,2.23,5.04,39,104,49,9.88,1.06,5.19,39,104,50,9.28,1.15,5,28,104,50,9.63,2.43,5.36,35,104,50,9.99,1.95,5.51,45,104,48,8.79,1,4.68,34,104,47,8.03,1.4,5.02,38,104,50,8.6,1.01,4.65,38,104,52,9.5,1.59,4.82
29,105,48,8.19,2.06,5.32,32,105,49,10.78,1.17,4.93,39,105,50,9.38,1.33,5.19,39,105,51,9.77,1.09,4.97,28,105,51,9.99,1.76,5.39,35,105,51,10.08,1.79,5.58,45,105,49,8.35,1.39,4.55,34,105,48,8.53,1.06,4.97,38,105,51,9.05,1.49,4.66,37,105,55,9.97,1.01,4.73
29,106,49,7.78,1.01,5.25,31,106,48,10.24,2.07,5.14,38,106,51,9.86,1.86,5.28,39,106,52,9.28,1.03,5.01,27,106,51,10.44,1.5,5.36,34,106,53,9.97,1.76,5.75,43,106,50,8.88,1.18,4.67,34,106,49,9.06,1.01,4.94,38,106,52,9.55,1.42,4.68,36,106,57,9.47,1.14,4.67
28,107,50,8.15,2.44,5.4,31,107,49,9.73,2.1,5.13,38,107,52,10.32,1.76,5.37,38,107,54,8.82,1.4,5.06,27,107,52,10.87,1.43,5.41,34,107,54,10.42,1.98,5.91,43,107,51,8.44,1.41,4.62,33,107,48,9.55,1.32,5.21,36,107,55,9.07,1.47,4.73,35,107,58,9,1.37,4.6
28,108,51,7.96,2.32,5.37,31,108,50,10.19,1.04,5.12,38,108,53,9.81,1.68,5.27,37,108,56,7.86,1.56,5.13,26,108,51,10.32,1.57,5.32,34,108,55,10.85,1.08,5.97,43,108,52,8.97,1.34,4.52,33,108,49,10.03,1.41,5.21,35,108,57,8.62,1.4,4.82,34,108,59,9.5,1.3,4.8
28,109,52,8.51,2.2,5.37,30,109,52,9.68,2.09,5.21,38,109,54,10.27,1.59,5.31,37,109,57,8.42,1.3,5.24,26,109,52,10.76,1.5,5.2,34,109,56,11.25,1.02,5.98,42,109,52,9.47,1.55,4.59,32,109,51,9.53,1.54,5.42,35,109,58,8.24,1.33,4.74,34,109,60,9.02,1.23,4.67
30,110,34,9.04,4.08,5.86,31,110,37,9.2,3.91,5.85,40,110,37,10.7,4.12,5.87,39,110,41,8.55,4.32,5.85,27,110,41,11.17,4.13,5.84,34,110,43,10.69,5,6.32,43,110,37,8.99,3.88,5.18,33,110,39,9.38,4.17,5.91,37,110,43,8.78,3.93,5.41,36,110,39,9.52,3.79,5.39
30,111,35,9.54,3.8,5.85,31,111,38,8.74,3.18,5.74,40,111,38,10.17,3.91,5.88,39,111,42,8.87,3.8,5.75,27,111,42,11.56,3.8,5.86,34,111,44,11.11,4.75,6.42,43,111,38,9.5,3.02,5.29,33,111,40,9.86,3.8,5.81,37,111,44,9.29,2.88,5.24,36,111,40,9.05,3.6,5.38
30,112,36,10.01,3.56,5.75,31,112,39,9.18,2.66,5.58,40,112,39,10.22,3.56,5.82,39,112,43,8.71,3.56,5.71,27,112,43,11.93,3.56,5.67,34,112,45,10.55,4.51,6.52,43,112,39,9.97,1.92,5.16,33,112,41,10.32,2.66,5.72,37,112,45,9.17,1.78,5.26,36,112,41,8.6,2.92,5.16
30,113,37,9.51,2.43,5.65,31,113,40,9.67,2.43,5.39,40,113,40,10.66,3.38,6.06,39,113,44,9.23,2.43,5.55,27,113,44,11.34,2.59,5.39,34,113,46,10.97,3.34,6.47,43,113,40,9.47,1.48,5.01,33,113,42,10.75,2.43,5.7,37,113,46,9.66,2.43,5.28,36,113,42,8.17,1.82,5.14
30,114,38,9.03,1.36,5.65,31,114,41,9.19,1.36,5.46,40,114,41,11.08,2.27,6.06,39,114,45,9.72,2.31,5.54,27,114,45,10.77,1.51,5.3,34,114,47,11.38,4.07,6.34,41,114,43,9,2.31,5.18,33,114,43,10.22,1.36,5.56,37,114,47,10.13,2.51,5.22,35,114,42,8.44,3.17,5.06
30,115,39,8.58,2.24,5.56,30,115,43,8.73,1.38,5.57,40,115,42,10.52,2.15,6.02,39,115,46,9.23,2.2,5.48,26,115,43,11.18,1.43,5.45,34,115,48,10.81,3.24,6.17,41,115,44,8.55,2.54,5.17,32,115,45,9.71,3.01,5.61,37,115,48,9.62,1.97,5.29,35,115,43,7.37,2.79,4.89
30,116,40,8.71,2.73,5.51,30,116,44,8.29,1.31,5.32,40,116,43,10,1.09,5.96,39,116,47,8.77,1.64,5.16,25,116,45,11.57,1.99,5.4,34,116,49,10.27,2.6,6.08,41,116,45,8.12,2.04,5.03,32,116,46,10.17,2.28,5.48,36,116,50,9.99,2.89,5.46,35,116,44,7.45,1.7,4.78
30,117,41,8.66,2.59,5.36,30,117,45,8.52,1.24,5.09,39,117,45,10.1,2.3,6.12,38,117,49,8.33,1.03,5.16,25,117,46,11.94,1.89,5.44,34,117,50,10.7,2.92,6.2,41,117,46,7.71,2.3,4.92,32,117,47,10.61,1.22,5.23,36,117,51,9.49,2.55,5.43,35,117,45,8.03,2.36,4.73
30,118,42,8.22,1.51,5.34,29,118,48,9.05,1.72,5.09,39,118,46,9.97,2.19,6.08,37,118,52,8.36,2.01,5.26,25,118,47,12.3,1.49,5.51,34,118,51,11.12,2.77,6.3,41,118,47,8.28,1.34,4.88,32,118,48,11.03,1.16,5.09,36,118,52,9.32,2.42,5.39,35,118,46,8.58,2.25,4.65
30,119,43,7.81,2.3,5.36,28,119,50,8.6,2.52,5.08,39,119,47,10.42,1.13,6.04,37,119,53,8.66,2.13,5.1,25,119,48,11.68,1.42,5.61,34,119,52,11.51,2.64,6.24,41,119,48,7.87,1.28,4.78,30,119,46,10.48,1.94,5.1,36,119,53,8.57,2.3,5.23,35,119,47,8.15,1.19,4.48
30,120,44,7.84,1.24,5.35,28,120,51,8.31,2.4,4.97,38,120,49,10.85,2.85,6.09,37,120,54,9.18,1.14,4.98,25,120,49,11.1,2.14,5.48,34,120,53,11.89,2.08,6.26,41,120,49,8.42,1.02,4.72,30,120,47,9.96,1.22,5.04,36,120,54,9.09,1.77,5.12,34,120,48,8.69,1.13,4.35
29,121,46,8.39,1.25,5.38,28,121,52,8.85,2.28,4.99,38,121,50,11.26,3.04,6.06,37,121,55,9.67,1.08,4.96,25,121,50,10.54,2.03,5.4,34,121,54,12.24,1.02,6.2,39,121,50,8,1.15,4.77,29,121,49,9.91,1.75,5.21,36,121,55,9.59,1.13,5.13,33,121,50,9.2,1.75,4.31
29,122,47,8.92,1.19,5.44,28,122,53,8.41,1.39,4.94,38,122,51,11.65,2.89,6.13,36,122,57,10.14,1.5,4.92,25,122,51,10.97,1.93,5.24,33,122,54,12.58,1.84,6.3,39,122,51,7.6,1.09,4.6,28,122,52,10.37,1.67,5.2,36,122,56,9.11,1.1,5.09,32,122,52,9.69,1.66,4.44
29,123,48,9.42,1.13,5.33,28,123,54,8.41,1.32,4.87,38,123,52,12.01,2.74,6,35,123,59,9.63,1.48,4.87,25,123,52,10.42,1.95,5.25,32,123,54,12.9,2.13,6.18,38,123,51,8.17,1.14,4.69,27,123,51,9.85,1.58,5.26,36,123,57,8.65,1.27,4.99,31,123,53,10.16,1.52,4.55
29,124,49,8.95,1.07,5.16,28,124,55,7.99,1.85,4.76,38,124,53,11.41,2.61,5.93,33,124,60,9.76,1.41,4.83,25,124,53,9.9,1.41,4.99,32,124,55,13.21,2.47,6.17,38,124,52,7.77,1.08,4.78,27,124,52,9.36,1.38,5.11,35,124,57,9.17,1.75,5.11,31,124,54,10.6,1.44,4.72
29,125,50,9.45,1.85,5,28,125,56,8.3,1.53,4.72,38,125,54,10.87,1.74,5.65,33,125,61,10.23,1.34,4.82,24,125,54,10.35,1.76,5.15,32,125,56,12.55,1.87,5.92,38,125,53,8.33,1.03,4.82,25,125,52,8.89,1.38,5.19,33,125,59,9.66,1.66,5.22,31,125,55,11.02,1.37,4.82
28,126,50,9.93,1.73,5.05,28,126,57,8.84,1.46,4.76,37,126,55,10.33,2.7,5.45,33,126,62,9.71,1.27,4.61,23,126,54,8.88,2.33,5.16,32,126,57,11.92,1.78,5.68,37,126,54,8.87,1.63,4.8,25,126,53,8.67,1.19,5.04,33,126,60,10.13,1.58,5.3,31,126,56,9.52,1.03,4.7
28,127,51,9.84,1.64,5.04,28,127,58,8.39,1.58,4.79,37,127,56,10.76,2.56,5.51,33,127,63,9.7,1.11,4.49,23,127,55,8.44,2.22,4.82,32,127,58,11.32,1.69,5.6,37,127,55,9.37,1.55,4.77,25,127,54,9.19,1.13,5.06,33,127,61,10.57,1.5,5.24,29,127,60,9.63,1.24,5.06
28,128,52,10.3,1.31,5.19,28,128,59,7.97,1.5,4.76,37,128,57,10.22,1.9,5.44,32,128,63,10.16,1.15,4.4,23,128,56,8.29,1.16,4.58,32,128,59,10.76,1.46,5.56,37,128,56,8.91,1.47,4.66,25,128,55,9.68,1.08,4.84,32,128,60,10.99,1.57,5.36,29,128,61,10.1,1.62,5.17
27,129,50,10.73,1.6,5.28,28,129,60,7.64,1.43,4.69,36,129,59,9.93,2.86,5.5,31,129,65,10.6,1.39,4.49,23,129,57,7.88,1.1,4.47,32,129,60,10.22,1.39,5.49,37,129,57,8.67,1.4,4.71,25,129,56,9.19,1.02,4.86,32,129,61,10.44,2.19,5.47,29,129,62,9.6,1.53,5.04
28,130,34,10.2,4.42,5.86,28,130,42,8.15,3.85,5.39,37,130,42,10.18,4.41,5.91,30,130,52,10.07,3.96,5.48,22,130,41,7.48,4.17,5.33,33,130,46,10.34,3.98,6.08,39,130,34,9.19,3.77,5.45,25,130,42,9.68,3.66,5.68,33,130,40,9.92,4.6,6.13,30,130,37,10.07,4.4,5.71
28,131,35,9.69,3.68,5.77,28,131,43,7.74,3.87,5.49,37,131,43,9.91,3.8,5.77,30,131,53,9.57,3.77,5.49,22,131,42,7.11,3.8,5.24,33,131,47,10.17,3.78,6,39,131,35,8.73,2.63,5.38,25,131,43,10.15,2.53,5.67,33,131,41,10.37,3.8,6.17,30,131,38,9.56,3.23,5.59
28,132,36,10.15,3.56,5.82,28,132,44,7.72,3.56,5.36,37,132,44,9.41,2.66,5.63,30,132,54,10.04,2.66,5.6,22,132,43,6.75,3.61,5.06,33,132,48,10.3,2.66,5.88,39,132,36,8.29,2.46,5.25,25,132,44,9.73,1.45,5.57,33,132,42,9.86,2.66,6.12,30,132,39,9.08,3.42,5.59
28,133,37,10.59,3.29,5.9,28,133,45,8.28,2.43,5.12,37,133,45,9.89,1.92,5.61,30,133,55,9.54,1.58,5.57,22,133,44,6.42,3.29,4.81,33,133,49,9.81,1.58,5.87,39,133,37,7.88,2.34,5.31,24,133,43,9.24,2.73,5.66,33,133,43,9.36,2.53,5.96,30,133,40,9.58,3.25,5.54
28,134,38,11.01,3.38,5.98,28,134,46,8.82,1.36,5,37,134,46,10.35,1.83,5.51,29,134,58,9.06,4.07,5.72,22,134,45,6.1,2.18,4.61,33,134,50,10.27,1.5,5.95,39,134,38,8.43,2.12,5.26,24,134,44,8.78,2.59,5.53,33,134,44,9.85,3.03,5.98,30,134,41,10.05,3.12,5.58
28,135,39,10.46,2.86,5.88,28,135,47,9.33,2.24,4.95,37,135,47,9.83,1.74,5.44,29,135,59,8.61,2.92,5.73,22,135,46,6.59,1.12,4.42,32,135,51,10.71,1.42,6.07,39,135,39,8.96,2.01,5.31,24,135,45,9.29,3.01,5.53,33,135,45,10.3,2.96,5.88,30,135,42,9.55,2.02,5.58
28,136,40,9.94,1.86,5.62,28,136,48,9,1.8,4.84,37,136,48,10.29,1.65,5.27,29,136,60,9.13,1.82,5.74,21,136,48,6.4,1.06,4.7,32,136,52,10.17,1.35,5.98,39,136,40,9.46,1.32,5.27,24,136,46,9.78,2.29,5.49,33,136,46,9.79,1.87,5.76,30,136,43,8.82,2.87,5.56
27,137,42,9.44,2.41,5.62,28,137,49,9.5,1.71,4.74,37,137,49,9.78,1.57,5.13,29,137,61,7.73,2.34,5.52,21,137,49,7.03,1.96,4.74,31,137,55,10.59,1.58,6.1,39,137,41,9.94,1.25,5.3,24,137,47,10.24,2.18,5.53,32,137,48,9.3,2.87,5.71,30,137,44,8.38,2.54,5.44
27,138,43,9.92,1.34,5.44,28,138,50,9.02,1.92,4.7,37,138,50,10.23,1.49,5.01,29,138,62,8.29,2.22,5.67,21,138,50,7.63,2.65,4.77,30,138,58,11.01,1.5,6.15,39,138,42,10.39,1.19,5.28,24,138,48,9.73,2.38,5.46,32,138,49,9.78,2.73,5.69,30,138,45,8.28,1.57,5.23
27,139,44,10.38,1.28,5.24,28,139,51,8.81,1.5,4.64,36,139,52,9.72,1.42,5.01,29,139,63,8.09,2.11,5.51,21,139,51,7.36,1.72,4.62,29,139,60,11.41,3.57,6.16,39,139,43,10.18,1.13,5.16,24,139,49,9.24,1.92,5.22,32,139,50,9.29,1.64,5.67,29,139,46,8.65,1.51,5.09
27,140,45,10.81,1,5.15,26,140,54,8.37,2.65,4.73,36,140,53,9.23,1.14,5.02,29,140,64,8.35,1.05,5.43,21,140,52,7.5,1.63,4.44,29,140,61,10.84,3.39,5.95,39,140,44,9.67,1.08,4.95,23,140,51,8.78,1.89,5.14,31,140,52,8.83,2.37,5.91,28,140,48,7.57,1.36,5.02
26,141,48,11.22,1.18,5.23,26,141,55,8.62,2.03,4.61,34,141,56,8.91,1.68,5.24,28,141,67,8.89,2.57,5.65,21,141,53,8.08,1.33,4.31,29,141,62,11.25,2.35,5.88,38,141,46,9.18,1.02,5.02,23,141,52,9.29,1.09,4.88,31,141,53,9.33,2.25,5.83,28,141,49,7.19,1.29,4.74
25,142,50,10.66,1.12,5.25,26,142,56,9.14,1.93,4.52,33,142,58,8.89,1.62,5.37,28,142,68,9.39,2.44,5.61,19,142,56,8.63,1.48,4.31,29,142,63,11.64,2.24,5.75,36,142,47,9.68,1.93,5.37,23,142,53,9.08,1.04,4.72,31,142,54,8.92,1.19,5.78,28,142,50,7.78,1.23,4.5
25,143,51,10.12,1.04,5.25,26,143,57,8.68,1.84,4.37,33,143,59,8.99,1.54,5.19,28,143,69,9.42,2.71,5.56,19,143,57,7.24,1.4,4.05,29,143,64,11.05,2.12,5.6,36,143,48,8.99,1.83,5.42,22,143,56,9.33,2.06,4.77,30,143,56,8.47,2.44,5.8,28,143,51,8.34,1.17,4.24
24,144,53,9.62,1.91,5.44,25,144,58,8.25,1.6,4.47,33,144,60,9.49,2.25,5.22,28,144,70,9.9,2.57,5.59,18,144,59,6.88,1.33,4.02,29,144,65,10.5,2.72,5.51,36,144,49,9.49,2.08,5.39,22,144,57,9.82,1.01,4.75,30,144,57,9,2.32,5.76,26,144,55,8.87,1.11,4.42
24,145,54,9.48,1.81,5.32,24,145,60,7.84,1.52,4.6,33,145,61,9.97,1.47,5.07,28,145,71,9.41,2.68,5.58,17,145,63,6.54,2.05,3.97,29,145,66,9.98,2.58,5.4,36,145,50,9.97,1.43,5.38,21,145,60,9.33,2.65,4.95,30,145,58,9.5,2.2,5.6,26,145,56,8.57,1.27,4.38
24,146,55,8.08,1.72,5.02,24,146,61,7.44,1.44,4.45,32,146,60,10.42,1.23,4.91,28,146,72,9.89,1.79,5.61,17,146,64,7.16,1,3.66,29,146,67,8.53,1.5,5.33,36,146,51,9.47,1.36,5.4,21,146,61,8.86,2.47,4.93,30,146,59,9.07,2.48,5.6,26,146,57,9.09,1.21,4.57
24,147,56,7.68,1.64,4.88,23,147,63,7.87,2.45,4.64,30,147,61,9.9,1.32,4.93,28,147,73,10.34,1.47,5.5,15,147,63,6.64,2.2,3.94,29,147,68,8.45,1.43,5.32,36,147,52,9.62,1.29,5.45,21,147,62,9.37,1.4,4.96,30,147,60,9.57,1.41,5.7,26,147,58,8.63,1.15,4.45
23,148,59,7.32,2.06,4.94,23,148,64,8.42,1.88,4.53,30,148,62,9.4,1.26,4.81,28,148,74,9.82,1.39,5.53,15,148,64,6.31,1.84,3.74,29,148,69,8.98,2.25,5.42,36,148,53,10.09,1.7,5.23,20,148,64,9.85,2.27,5.26,30,148,61,10.04,1.34,5.35,24,148,62,9.15,1.5,4.78
23,149,60,7.67,1.95,4.98,23,149,65,8,1.79,4.51,29,149,64,8.93,1.19,4.88,28,149,75,9.33,1.54,5.35,14,149,61,5.99,1.2,3.62,29,149,70,9.48,1.18,5.44,36,149,54,9.09,1.02,5.34,20,149,65,9.36,3.1,5.33,30,149,62,9.54,1.77,5.12,24,149,63,9.64,1.42,4.66
24,150,40,8.19,3.63,5.4,24,150,52,7.6,3.1,5.1,30,150,42,8.01,4.09,5.63,30,150,49,9.82,3.76,5.82,15,100,30,5.69,3.1,4.68,30,150,52,9.95,3.86,5.98,37,150,34,9.16,4.13,5.92,21,150,50,9.84,4.03,5.73,31,150,43,9.06,4.08,5.57,24,150,38,10.11,3.12,5.49
24,151,41,8.11,3.44,5.29,24,151,53,7.22,3.4,4.93,30,151,43,8.5,3.8,5.48,30,151,50,10.28,3.12,5.82,15,101,31,5.7,2.94,4.76,30,151,53,10.31,3.8,6.06,37,151,35,8.7,2.97,5.7,21,151,51,10.3,3.8,5.54,31,151,44,8.71,3.8,5.32,24,151,39,10.56,2.97,5.37
24,152,42,6.75,3.03,4.91,24,152,54,7.81,3.33,5,30,152,44,9.02,2.66,5.52,30,152,51,8.81,2.58,5.68,15,102,32,6.37,2.68,4.59,30,152,54,10.11,2.66,6.01,37,152,36,8.66,2.29,5.63,21,152,52,9.54,2.71,5.26,31,152,45,9.22,2.66,5.2,24,152,40,10.98,2.82,5.22
24,153,43,6.62,2.43,4.74,24,153,55,7.42,2.6,4.91,30,153,45,9.4,1.58,5.31,30,153,52,9.32,2.45,5.68,15,103,33,6.09,2.54,4.42,30,153,55,10.55,2.53,5.94,37,153,37,8.8,1.93,5.57,21,153,53,10.02,1.9,5.09,31,153,46,9.71,1.64,5.13,24,153,41,11.38,2.48,5.2
24,154,44,6.76,2.8,4.58,24,154,56,7.32,2.57,4.86,30,154,46,9.88,1.5,5.26,30,154,53,9.81,1.37,5.65,15,104,34,6.74,2.88,4.71,30,154,56,10.82,3.17,5.96,36,154,37,8.36,2.07,5.6,20,154,53,10.46,2.22,5.22,30,154,44,9.22,2.4,5.27,24,154,42,11.76,2.36,5.29
24,155,45,6.5,2.74,4.59,24,155,57,7.91,2.02,4.85,30,155,47,9.38,2.02,5.19,30,155,54,10.27,1.31,5.56,15,105,35,7.31,1.78,4.66,30,155,57,11.23,3.01,6.01,36,155,38,8.89,2.15,5.51,20,155,54,10.89,1.25,5.25,30,155,45,8.76,2.28,5.07,24,155,43,11.17,2.07,5.11
24,156,46,7.05,2.68,4.56,24,156,58,8.46,1.92,4.97,30,156,48,8.91,1.56,5.12,30,156,55,10.7,1.07,5.38,14,106,36,6.94,1.82,4.63,30,156,58,10.66,2.86,5.9,36,156,39,7.86,1.82,5.44,20,156,55,10.35,2,5.36,30,156,46,8.25,2.68,5,24,156,44,10.61,1.96,5.05
24,157,47,7.57,2.55,4.77,24,157,59,8.99,1.82,4.8,30,157,49,8.74,1.15,5.05,29,157,57,11.12,1.18,5.51,14,107,37,6.2,1.73,4.67,30,157,59,10.13,2.39,5.66,36,157,40,8.42,1.94,5.46,20,157,56,9.83,1.9,5,30,157,47,7.84,2.67,4.94,23,157,40,11.03,2.92,5.05
24,158,48,7.42,2.42,4.77,24,158,60,9.49,1.73,4.72,29,158,46,8.35,1.6,5.09,29,158,58,10.56,1.12,5.3,14,108,38,6.77,1.65,4.84,30,158,60,9.83,1.97,5.57,36,158,41,8.94,1.84,5.51,20,158,57,9.34,1.46,4.85,30,158,48,8.4,2.64,4.86,23,158,41,10.48,2.76,4.96
24,159,49,7.78,2.42,4.81,24,159,61,9.01,1.64,4.76,29,159,47,8.63,1.52,4.9,29,159,59,10.03,1.06,4.97,13,109,41,6.57,1.32,4.9,30,159,61,10.29,1.87,5.58,36,159,42,8.81,1.75,5.44,19,159,56,8.87,1.83,5.12,30,159,49,8.93,2.06,4.77,23,159,42,10.91,1.69,4.84
24,160,50,7.85,1.94,4.6,24,160,62,8.56,1.28,4.72,29,160,48,8.49,1.45,4.72,29,160,60,8.58,1.01,4.66,13,110,42,7.19,1.25,5.17,30,160,62,10.72,1.1,5.62,36,160,43,9.31,1.18,5.22,19,160,57,8.43,1.74,4.77,30,160,50,9.43,1.96,4.88,23,160,43,9.41,1.6,4.43
24,161,51,8.41,1.85,4.41,24,161,63,9.09,1.21,4.72,29,161,49,8.06,1.37,4.55,28,161,62,9.1,2.52,4.89,13,111,43,7.78,1.19,5.13,30,161,63,10.19,2,5.65,35,161,45,9.8,1.58,5.21,19,161,58,8.01,1.65,4.53,30,161,51,8.96,1.86,4.89,23,161,44,8.94,1.52,4.33
24,162,52,7.99,2.44,4.55,24,162,64,9.58,1.15,4.8,29,162,50,8.35,1.54,4.62,28,162,63,9.6,1.44,4.91,13,112,44,8.23,1.13,5.31,30,162,64,10.55,1.9,5.56,35,162,46,9.31,1.5,5.08,19,162,59,7.61,1.29,4.45,30,162,52,9.46,1.45,4.77,22,162,47,8.49,1.45,4.27
24,163,53,8.54,1.37,4.44,24,163,65,9.1,1.09,4.8,28,163,53,8.64,1.83,4.77,28,163,64,9.12,1.37,4.91,13,113,45,8.76,1.07,5.41,30,163,65,9.19,1.8,5.28,34,163,47,8.84,1.43,4.98,18,163,62,7.23,2.27,4.61,30,163,53,8.99,1.38,4.88,22,163,48,9.02,1.37,4.23
24,164,54,8.11,1.3,4.57,24,164,66,8.65,1.04,4.72,28,164,54,9.16,1.74,4.77,28,164,65,8.89,1.3,4.9,12,114,49,8.52,2.62,5.88,29,164,66,9.35,1.23,5.16,33,164,48,8.93,1.36,4.91,18,164,63,7.81,2.16,4.75,30,164,54,9.31,1.31,4.92,22,164,49,8.57,2.04,4.24
24,165,55,6.86,1.24,4.62,24,165,67,8.21,1.94,4.6,28,165,55,9.28,1.81,4.83,28,165,66,8.59,1.24,4.72,12,115,50,9.05,2.49,5.82,29,165,67,9.83,1.17,5.23,33,165,49,8.49,1.29,4.84,18,165,64,8.37,3,4.88,30,165,55,8.85,2.19,5.09,22,165,50,8.14,1.94,4.07
24,166,56,7.39,1.17,4.71,24,166,68,8.75,1.88,4.53,28,166,56,8.81,2.64,4.9,28,166,67,8.16,1.17,4.72,12,116,51,8.68,2.37,5.77,28,166,69,10.29,1.11,5.18,30,166,53,8.06,2.69,5.14,18,166,65,8.91,2.26,4.95,30,166,56,9.36,1.2,5.09,22,166,51,7.73,1.76,4.12
24,167,57,7.02,1.11,4.59,24,167,69,7.86,1.81,4.46,28,167,57,8.37,3.4,4.92,28,167,68,8.25,1.11,4.69,12,117,52,9.19,2.25,5.8,28,167,70,10.72,1.05,5.13,30,167,54,8.61,2.86,5.23,18,167,66,9.41,2.14,5.18,30,167,57,8.89,1.14,5.12,21,167,53,8.3,1.67,4.25
23,168,58,7.62,2.26,4.88,24,168,70,8.42,1.72,4.32,28,168,58,8.34,2.99,5.08,28,168,69,8.79,1.01,4.73,12,118,53,8.73,2.14,5.9,28,168,71,10.19,1,5.21,30,168,55,7.83,2.6,5.07,18,168,67,8.94,2.04,5.08,30,168,58,8.51,1.09,4.99,21,168,54,8.03,1.75,4.4
23,169,59,8.19,1.98,4.72,24,169,71,8.95,1.63,4.18,28,169,59,7.92,2.35,4.9,26,169,68,9.3,1.91,5.01,12,119,54,8.34,2.03,5.93,27,169,74,10.63,1.25,5.59,30,169,56,8.39,2.47,4.91,18,169,68,9.09,1.94,5.19,30,169,59,9.04,1.02,4.96,21,169,55,7.63,1.66,4.54
22,140,40,7.78,4.05,5.32,25,170,42,9.45,3.19,4.99,30,170,45,8.47,3.77,5.44,27,170,50,9.79,3.13,5.67,12,120,33,8.87,5,6.37,28,170,52,10.1,4.32,6.14,31,170,41,8.82,4.36,5.46,19,160,44,9.59,4.04,5.8,30,170,45,8.58,4.46,5.71,22,100,39,7.21,3.81,5.16
22,141,41,8.34,3.8,5.31,25,171,43,9.93,3.03,5.12,30,171,46,8.05,2.66,5.45,27,171,51,9.3,2.09,5.63,12,121,34,8.43,4.75,6.29,28,171,53,9.34,4.56,6.14,31,171,42,9.33,4.14,5.46,19,161,45,9.11,3.8,5.71,30,171,46,9.1,3.8,5.71,22,101,40,7.8,3.62,5.2
22,142,42,7.92,2.66,4.92,25,172,44,10.38,2.88,5.09,30,172,47,8.6,2.66,5.24,27,172,52,8.83,1.03,5.49,12,122,35,8.96,4.51,6.21,28,172,54,9.82,4.09,6.17,31,172,43,8.86,2.99,5.37,19,162,46,8.65,3.64,5.77,30,172,47,9.6,2.66,5.78,22,102,41,7.41,3.58,5.07
22,143,43,8.47,1.58,4.72,25,173,45,10.81,3.12,5.25,30,173,48,8.8,2.36,5.17,26,173,52,9.09,2.69,5.53,12,123,36,9.46,4.29,6.3,28,173,55,9.65,4.29,6.24,31,173,44,7.62,2.84,5.1,19,163,47,8.48,3.34,5.63,30,173,48,9.12,2.53,5.8,22,103,42,7.04,2.66,5.04
21,144,45,9,1.62,4.76,25,174,46,10.27,2.03,5.26,30,174,49,8.36,2.24,5.13,26,174,53,9.58,1.97,5.21,12,124,37,9.92,4.07,6.14,28,174,56,10.12,4.07,6.33,31,174,45,7.45,2.7,5,19,164,48,9.01,4.12,5.7,30,174,49,8.66,1.45,5.61,22,104,43,7.63,1.58,5.17
20,145,48,9.5,2.52,5,25,175,47,10.71,1.87,5.14,30,175,50,7.24,2.44,4.91,26,175,54,9.1,1.87,5.21,12,125,38,9.42,3.87,5.99,28,175,57,10.27,3.87,6.19,31,175,46,7.83,2.57,4.9,19,165,49,8.56,3.91,5.57,30,175,50,8.23,1.38,5.52,22,105,44,8.2,1.5,5.09
20,146,49,9.98,1.76,4.94,24,176,48,10.17,1.78,5.25,30,176,51,7.81,2.32,4.85,26,176,55,8.44,2.73,5.13,12,126,39,8.95,3.68,5.93,28,176,58,10.32,3.2,6.11,31,176,47,7.44,1.82,4.69,19,166,50,9.08,4.45,5.69,29,176,53,8.43,2.82,5.48,22,106,45,8.74,1.42,5
20,147,50,9.48,1.68,4.89,24,177,49,9.67,2.64,5.19,30,177,52,7.42,2.2,4.8,26,177,56,8.69,2.05,4.91,12,127,40,8.51,3.24,5.63,28,177,59,10.22,2.99,5.98,29,177,51,7.07,2.12,4.71,19,167,51,8.63,4.23,5.61,29,177,54,8.01,2.68,5.23,22,107,46,9.25,1.13,5.1
20,148,51,9,2.17,4.83,24,178,50,10.13,3.18,5.13,30,178,53,7.97,1.44,4.78,26,178,57,9.2,2.65,4.99,12,128,41,7.45,3.32,5.51,28,178,60,10.66,1.89,5.85,29,178,52,6.59,1.07,4.67,19,168,52,9.14,4.02,5.72,29,178,55,7.61,2.54,5.1,21,108,47,8.79,1.47,5.16
20,149,52,9.5,2.41,4.92,24,179,51,9.63,2.07,4.87,30,179,54,8.52,1.37,4.83,26,179,58,8.23,2.52,5.07,12,129,42,8.03,3.15,5.47,28,179,61,10.7,2.2,5.76,29,179,53,7.09,1.01,4.53,19,169,53,8.69,3.81,5.74,29,179,56,7.37,2.42,5.01,21,109,48,8.66,1.39,4.95
20,150,53,9.98,3.24,4.96,24,180,52,9.14,1.02,4.78,30,180,55,8.09,1.3,4.81,26,180,59,8.35,1.7,5.11,12,130,43,7.67,2.99,5.12,28,180,62,10.16,1.65,5.64,29,180,54,7.59,1.91,4.54,19,170,54,8.25,3.62,5.65,29,180,57,7.56,2.25,4.99,21,110,49,8.23,1.32,4.88
20,151,54,9.48,3.08,4.81,23,181,55,9.64,1.05,4.95,29,181,54,7.69,2.45,5.21,26,181,60,8.88,1.62,5.26,12,131,44,8.23,2.84,5.26,27,181,63,10.18,3.12,5.57,29,181,55,7.21,1.82,4.57,19,171,55,8.2,3.44,5.47,29,181,58,7.98,2.13,5.07,20,111,51,8.76,1.37,5
20,152,55,9,2.34,4.52,22,182,57,10.1,1.16,5.04,29,182,55,8.25,2.62,5.21,26,182,61,8.63,1.54,5.14,12,132,45,8.77,2.47,5.23,27,182,64,10.62,2.38,5.29,29,182,56,7.8,1.73,4.51,19,172,56,7.98,3.18,5.35,29,182,59,8.17,2.03,5.08,20,112,52,9.28,1.14,4.7
20,153,56,8.55,1.83,4.67,22,183,58,10.55,1.1,5.05,29,183,56,8.28,2.16,5.11,25,183,61,8.2,2.01,5.1,12,133,46,8.33,2.12,4.81,27,183,65,10.09,2.4,5.17,29,183,57,7.63,1.68,4.51,19,173,57,7.58,3.02,5.28,29,183,60,8.71,2.05,5.25,20,113,53,9.76,2.04,4.7
19,154,52,8.13,1.16,4.68,22,184,59,10.97,1.05,4.93,29,184,57,8.81,1.1,4.99,25,184,62,8.74,1.91,5.11,12,134,47,7.92,1.28,4.57,27,184,66,10.53,1.68,5.05,29,184,58,7.24,1.6,4.55,19,174,58,7.2,2.87,5.16,29,184,61,8.28,1.95,5.28,20,114,54,9.27,1.93,4.75
19,155,53,8.67,1.6,4.6,21,185,62,10.42,1.05,5.08,28,185,57,7.8,2.35,4.97,25,185,63,9.01,1.81,5.08,12,135,48,7.59,1.22,4.34,26,185,63,10.96,2.17,5.07,29,185,59,7.62,1.52,4.58,19,175,59,6.84,3.3,5.06,29,185,62,8.35,1.85,5.44,19,115,53,8.81,1.87,4.8
19,156,54,8.24,1.52,4.47,20,186,65,9.9,2.07,5.11,28,186,58,7.67,2.23,4.79,25,186,64,8.56,2.41,5.02,12,136,49,7.21,1.16,4.28,26,186,64,10.41,1.71,4.89,29,186,60,8.19,1.95,4.52,19,176,60,7.45,2.53,5.15,29,186,63,8.42,2.71,5.53,19,116,54,8.37,1.78,4.76
18,117,50,7.83,1.85,4.4,20,187,66,9.41,1.97,5,28,187,59,7.04,2.12,4.79,25,187,65,8.13,2.29,4.84,12,137,50,7.05,1.1,3.99,26,187,65,9.89,1.56,4.83,29,187,61,8.7,1.85,4.72,19,177,61,8.03,1.46,5.05,29,187,64,8.89,2.57,5.62,19,117,55,8.25,1.69,4.73
18,118,51,7.43,1.76,4.6,20,188,67,8.94,1.87,4.99,28,188,60,6.97,2.02,4.62,25,188,66,8.07,1.6,4.79,12,138,51,7.45,1.04,4.03,26,188,66,10.34,1.48,4.77,29,188,62,8.27,1.76,4.48,18,178,63,8.58,3.15,5.25,29,188,65,9.39,2.48,5.6,19,118,56,8.79,2.55,4.69
18,119,52,7.69,1.67,4.43,20,189,68,8.49,1.78,4.88,28,189,61,7.57,1.92,4.59,25,189,67,7.94,1.52,4.78,11,139,49,7.32,1.5,4.43,26,189,67,10.78,1.26,4.78,29,189,63,7.85,1.67,4.32,18,179,64,8.15,3.16,5.04,29,189,66,9.87,1.4,5.58,19,119,57,9.3,2.43,4.66
19,100,36,7.3,2.87,5.06,19,140,38,9.02,4.1,5.68,30,190,40,8.15,3.94,5.25,25,190,46,7.92,3.91,5.37,12,80,31,6.95,3.35,5.04,27,190,49,11.19,3.56,5.45,30,190,45,7.95,3.33,5.19,19,180,52,7.74,3.91,5.33,30,140,37,9.38,4.47,6.04,19,120,48,8.83,3.63,5.3
19,101,37,6.94,2.9,4.96,19,141,39,9.51,4.33,5.75,30,191,41,7.74,3.98,5.4,25,191,47,8.47,4.09,5.41,12,81,32,7.55,3.18,4.87,27,191,50,10.63,2.99,5.43,30,191,46,8.51,2.95,5.15,19,181,53,8.1,3.97,5.37,30,141,38,9.86,3.8,5.87,19,121,49,9.34,3.8,5.49
19,102,38,6.59,3.49,4.91,19,142,40,9.04,3.56,5.76,30,192,42,7.35,3.56,5.51,25,192,48,9,3.07,5.36,12,82,33,8.12,2.08,4.55,27,192,51,10.1,1.89,5.4,30,192,47,8.08,2.66,5.11,19,182,54,7.7,3.6,5.3,30,142,39,8.85,2.66,5.7,19,122,50,8.88,3.73,5.46
19,103,39,6.26,3.32,4.92,19,143,41,9.54,2.43,5.62,30,193,43,6.98,2.91,5.26,25,193,49,8.72,1.97,5.44,12,83,34,7.72,1.02,4.4,27,193,52,10.54,1.77,5.27,30,193,48,8.63,2.53,5.08,19,183,55,7.31,3.42,5.28,30,143,40,8.41,1.58,5.51,19,123,51,9.38,2.6,5.39
19,104,40,6.78,2.42,5.02,19,144,42,9.06,2.31,5.54,30,194,44,7.26,1.82,5.03,25,194,50,8.28,2.82,5.47,11,84,33,7.33,2.4,4.65,26,194,52,10.97,2.04,5.06,30,194,49,8.19,2.4,5.11,19,184,56,6.95,2.3,5.07,30,144,41,8.94,1.5,5.39,19,124,52,9.85,1.52,5.37
19,105,41,6.61,2.11,4.97,19,145,43,9.56,2.2,5.62,30,195,45,7.55,1.73,4.87,25,195,51,7.87,2.68,5.42,11,85,34,6.97,1.33,4.67,25,195,49,10.42,2.64,5.08,30,195,50,8.48,2.28,4.95,19,185,57,7.18,2.19,4.92,30,145,42,8.71,1.42,5.41,19,125,53,9.36,1.44,5.3
19,106,42,7.23,2.01,4.67,19,146,44,9.08,2.09,5.49,30,196,46,8.12,1.64,4.92,25,196,52,7.47,3.19,5.38,11,86,35,7.57,2.21,4.78,25,196,50,9.9,2.51,5.13,30,196,51,9.01,2.17,4.83,19,186,58,7.77,2.49,4.92,30,146,43,9.02,1.17,5.23,18,126,54,9.84,1.55,5.35
19,107,43,6.87,1.91,4.59,19,147,45,8.58,1.98,5.41,30,197,47,7.71,1.56,4.86,25,197,53,7.13,3.03,5.19,11,87,36,8.14,3.05,4.89,25,197,51,9.4,1.94,5.02,30,197,52,9.51,2.06,4.87,19,187,59,8.33,2.37,5.08,30,147,44,8.57,1.12,5.26,18,127,55,9.35,2.42,5.29
19,108,44,6.52,1.62,4.41,19,148,46,8.15,2.58,5.59,30,198,48,7.35,1.68,4.74,25,198,54,7.72,2.88,5.16,11,88,37,8.68,2.9,4.65,25,198,52,8.93,1.84,4.7,30,198,53,9.03,1.35,4.75,19,188,60,7.47,2.25,4.92,29,148,43,9.06,1.19,5.23,18,128,56,9.07,1.35,5.08
19,109,45,6.2,2.41,4.34,19,149,47,7.9,2.69,5.46,30,199,49,6.98,1.6,4.82,25,199,55,8.29,3.19,5.13,11,89,38,9.2,2.94,4.85,25,199,53,8.48,1.75,4.65,30,199,54,8.58,1.28,4.77,19,189,61,8.04,1.19,4.83,29,149,44,8.61,2.02,4.97,17,129,59,8.61,2.82,5.26
19,110,46,6.73,2.28,4.47,19,150,48,7.51,3.23,5.39,30,200,50,7.1,1.52,4.8,25,200,56,7.94,2.08,5.17,11,90,39,8.74,2.79,4.78,24,200,49,8.06,1.23,4.77,30,200,55,8.15,1.22,4.6,18,190,57,7.64,1.19,4.83,29,150,45,8.18,1.56,4.75,17,130,60,8.06,2.68,5.05
19,111,47,6.39,2.17,4.5,19,151,49,7.91,3.33,5.47,30,201,51,6.74,2.39,4.78,25,201,57,8.43,2.71,5.11,11,91,40,8.3,2.65,4.8,24,201,50,8.02,1.17,4.73,29,201,56,7.75,1.16,4.69,17,191,61,7.35,2.08,4.98,29,151,46,8.72,1.48,4.65,17,131,61,8.61,2.54,4.96
19,112,48,6.31,2.07,4.47,19,152,50,7.73,2.87,5.24,30,202,52,6.92,1.36,4.7,25,202,58,8.96,1.62,5.12,11,92,41,7.89,1.69,4.56,24,202,51,8.02,1.11,4.61,29,202,57,7.09,1.1,4.62,17,192,62,7.93,1.02,4.73,28,152,47,8.28,1.6,4.72,17,132,62,8.18,2.42,4.83
19,113,49,6.94,1.97,4.45,19,153,51,7.34,1.78,5.03,30,203,53,7.07,1.29,4.69,24,203,61,8.51,2.64,5.12,10,93,45,7.49,2.39,4.79,24,203,52,8.57,1.05,4.7,29,203,58,6.73,1.04,4.65,15,193,69,8.49,2.6,5.18,28,153,48,7.87,1.52,4.66,17,133,63,8.72,1.82,4.7
19,114,50,6.59,1.87,4.38,18,154,50,6.97,1.69,5.16,30,204,54,7.63,1.22,4.65,24,204,62,8.08,1.56,4.94,10,94,46,7.12,2.27,4.93,23,204,52,8.14,1,4.83,28,204,61,7.3,1.8,4.67,15,194,70,9.01,2.47,5.12,27,154,51,8.43,1.44,4.64,17,134,64,7.7,1.73,4.52
19,115,51,6.5,1.63,4.21,18,155,51,7.39,1.6,4.96,30,205,55,7.25,1.16,4.48,23,205,63,7.68,1.27,4.79,10,95,47,6.9,2.16,4.78,23,205,53,8.38,1.83,4.75,27,205,62,7.89,1.71,4.68,15,195,71,8.56,2.35,4.99,26,155,53,8,1.56,4.67,16,135,68,7.92,1.45,4.76
18,116,51,6.62,1.69,4.28,18,156,52,7.02,1.52,4.81,29,206,57,6.89,1.81,4.7,23,206,64,7.67,2.16,4.43,10,96,48,6.56,2.05,4.73,22,206,54,8.91,1.81,4.94,26,206,62,8.44,1.32,4.77,15,196,72,8.13,1.28,4.8,26,156,54,8.55,1.48,4.58,16,136,69,8.47,1.37,4.81
17,117,52,6.36,2.34,4.37,18,157,53,7.36,1.45,4.73,29,207,58,7.5,1.72,4.73,23,207,65,7.88,2.05,4.33,10,97,49,7.18,1.95,4.97,22,207,55,8.47,2.67,5,26,207,63,8.02,1.25,4.75,15,197,73,8.68,1.22,5,26,157,55,9.08,1.63,4.68,16,137,70,8.45,2.25,4.93
17,118,53,6.99,1.27,4.32,18,158,54,6.99,1.37,4.49,29,208,59,8.07,1.63,4.65,23,208,66,8.44,1.95,4.28,10,98,50,6.82,2.8,5.01,22,208,56,7.1,2.53,4.88,25,208,66,7.83,3.17,4.91,14,198,68,8.59,2.31,5.15,26,158,56,9.57,1.95,4.88,16,138,71,8.03,3.09,4.8
17,119,54,7.59,1.56,4.55,18,159,55,6.64,1.31,4.37,29,209,60,7.9,1.55,4.45,23,209,67,8.97,1.85,4.36,10,99,51,7.43,2.66,5.04,22,209,57,7.63,2.49,4.68,25,209,67,7.52,2.4,4.93,14,199,69,8.16,1.69,4.96,26,159,57,9.09,1.85,4.64,16,139,72,7.63,2.94,4.8
18,120,34,7.21,4.1,5.36,19,160,45,7.26,3.31,4.9,30,140,36,8.46,3.67,5.14,24,210,38,8.52,3.62,5.18,10,100,42,8.01,3.42,5.4,22,200,39,8.2,4.08,5.27,27,210,54,8.02,3.86,5.3,15,200,44,7.8,3.71,5.75,27,160,45,8.64,3.68,5.37,16,120,43,7.25,4.18,5.21
18,121,35,7.27,3.4,5.03,19,161,46,6.9,3.14,4.76,30,141,37,8.04,3.52,5.07,24,211,39,9.04,3.44,5.24,10,101,43,8.27,3.25,5.22,22,201,40,8.74,3.8,5.22,27,211,55,8.57,3.48,5.28,15,201,45,8.36,3.52,5.84,27,161,46,8.21,3.36,5.21,16,121,44,7.83,3.11,5.19
18,122,36,7.46,3.23,5.15,19,162,47,6.55,2.98,4.82,30,142,38,7.63,2.81,5.04,24,212,40,8.59,3.56,5.1,10,102,44,8.8,3.67,5.34,22,202,41,9.25,3.25,5.18,27,212,56,9.09,3.3,5.26,15,202,46,8.08,3.29,5.8,27,162,47,8.75,3.32,5.3,16,122,45,6.49,2.95,4.93
18,123,37,7.08,3.07,5.21,19,163,48,6.23,2.84,4.68,30,143,39,7.25,2.43,4.85,24,213,41,9.05,3.38,5.2,10,103,45,9.31,3.49,5.36,22,203,42,8.79,2.48,5.09,27,213,57,8.63,3.14,5.14,15,203,47,8.49,2.18,5.45,27,163,48,7.36,2.98,5.25,16,123,46,6.72,3.34,4.86
18,124,38,6.73,2.91,5.21,19,164,49,6.86,2.69,4.79,30,144,40,6.89,2.22,4.64,24,214,42,9.55,3.12,5.1,10,104,46,8.85,3.31,5.66,22,204,43,8.35,1.41,4.92,27,214,58,8.2,2.63,5.13,15,204,48,9.02,1.12,5.18,27,164,49,7.65,2.83,5.09,16,124,47,6.74,2.22,5.03
18,125,39,7.15,2.77,5.32,19,165,50,6.58,2.56,4.7,30,145,41,7.26,2.11,4.47,24,215,43,10.02,2.86,5.12,10,105,47,8.4,2.2,5.47,22,205,44,8.88,1.34,4.94,27,215,59,8.17,2.5,5.16,14,205,47,8.57,1.21,5.26,27,165,50,8.21,1.9,5.36,16,125,48,7.02,2.11,5.08
18,126,40,7.17,1.68,5.16,19,166,51,7.15,1.74,4.67,30,146,42,6.9,2,4.53,24,216,44,8.57,2.57,5.14,10,106,48,8.93,2.09,5.1,22,206,45,9.39,1.92,4.91,27,216,60,8.71,1.91,5.07,14,206,48,8.14,1.15,5.34,27,166,51,8.75,2.75,5.38,16,126,49,7.32,2,4.88
18,127,41,6.81,2.55,5.17,19,167,52,7.58,1.36,4.43,30,147,43,6.94,1.9,4.46,24,217,45,8.46,2.25,5.12,10,107,49,8.52,1.99,5.04,21,207,47,8.92,1.42,4.93,27,217,61,9.1,1.81,5.07,14,207,49,7.93,1.09,5.34,27,167,52,9.26,2.61,5.28,16,127,50,7.28,1.9,4.7
18,128,42,7.42,3.21,5.17,19,168,53,7.4,1.29,4.41,29,148,45,7.38,1.88,4.59,24,218,46,8.98,2.14,5.22,10,108,50,9.05,1.47,4.88,20,208,43,8.47,1.34,4.97,27,218,62,8.64,1.72,5.16,14,208,50,8.48,1.04,5.35,27,168,53,9.75,1.53,5.16,16,128,51,7.87,2.05,4.7
18,129,43,7.45,3.05,5.02,18,169,52,6.84,1.36,4.25,29,149,46,7.96,2.26,4.55,24,219,47,9.48,2.03,5.16,9,109,49,8.61,1.4,5.06,20,209,44,8.05,1.02,5.01,27,219,63,9.16,1.64,5.01,14,209,51,8.06,1.94,5.22,27,169,54,10.21,2.08,5.15,16,129,52,7.55,1.95,4.94
18,130,44,8.03,2.09,4.93,18,170,53,6.91,1.3,4.2,29,150,47,8.26,2.15,4.56,24,220,48,9.01,1.1,5.1,9,110,50,9.13,1.33,5.23,20,210,45,7.88,1.92,4.95,27,220,64,8.7,1.55,4.97,14,210,52,8.61,2.79,5.23,27,170,55,10.65,1.02,5.21,16,130,53,7.17,2.8,4.81
18,131,45,7.06,2.75,4.89,18,171,54,6.56,1.23,4.15,29,151,48,7.5,2.65,4.65,22,151,43,9.51,2.42,5.24,8,111,56,8.67,1.62,5.78,20,211,46,8.44,2.06,4.84,27,221,65,8.27,1.48,5.01,14,211,53,8.18,3.07,5.17,26,171,54,10.12,2.55,5.32,16,131,54,7.76,1.78,4.63
18,132,46,6.71,1.84,4.54,17,172,55,7.19,1.17,4.29,29,152,49,7.55,2.7,4.82,22,152,44,9.98,2.67,5.19,8,112,57,9.19,1.54,5.61,20,212,47,8.97,1.95,4.98,27,222,66,8.81,1.4,5.07,14,212,54,7.77,2.72,4.98,26,172,55,9.61,2.43,5.27,16,132,55,7.38,1.69,4.64
18,133,47,6.97,1.75,4.42,17,173,56,6.83,1.11,4.41,29,153,50,7.18,2.24,4.74,22,153,45,9.48,2.18,5.06,8,113,58,9.68,1.46,5.33,20,213,48,9.47,2.81,4.92,27,223,67,8.37,1.33,4.96,14,213,55,7.38,2.77,5.07,26,173,56,10.08,2.31,5.45,16,133,56,7.96,1.6,4.64
18,134,48,6.56,2.2,4.36,17,174,57,6.75,1.06,4.36,29,154,51,7.77,1.23,4.53,22,154,46,9.96,1.12,5.07,8,114,59,9.2,2.34,5.42,20,214,49,8.99,2.87,4.77,27,224,68,7.95,1.83,4.99,14,214,56,7.01,2.41,4.75,26,174,57,10.53,2.19,5.43,15,134,60,8.51,1.91,4.98
18,135,49,6.23,1.75,4.19,16,175,57,7.37,1,4.53,29,155,52,7.38,1.17,4.41,22,155,47,10.41,1.06,5.16,8,115,60,9.69,2.22,5.39,20,215,50,8.54,2.64,4.72,27,225,69,8.5,1.74,5.13,14,215,57,7.61,2.29,4.71,26,175,58,10,2.08,5.49,14,135,65,8.08,1.44,5.01
18,136,50,6.87,1.99,4.19,15,176,58,7,2.71,4.97,29,156,53,7.96,1.11,4.58,22,156,48,9.89,1.01,5.29,8,116,61,10.15,3.06,5.48,20,216,51,9.07,1.96,4.63,27,226,70,9.02,1.95,5.3,14,216,58,7.23,1.59,4.41,26,176,59,10.45,1.98,5.58,14,136,66,8.63,1.37,5.17
18,137,51,6.72,2.18,4.3,15,177,59,6.65,2.58,4.79,29,157,54,7.68,1.82,4.58,22,157,49,9.4,1.91,5.37,8,117,62,10.59,2.03,5.44,20,217,52,9.56,1.8,4.49,27,227,71,8.57,1.85,5.31,14,217,59,7.82,1.51,4.26,26,177,60,10.88,1.88,5.45,14,137,67,8.2,1.3,4.98
18,138,52,7.15,1.41,4.24,15,178,60,6.79,2.45,4.8,29,158,55,7.29,1.73,4.51,22,158,50,9.88,1.81,5.36,8,118,63,11.01,2.87,5.41,20,218,53,9.09,1.71,4.31,27,228,72,8.94,2.35,5.5,14,218,60,8.38,1.44,4.52,26,178,61,11.29,1.78,5.54,14,138,68,7.79,2.19,4.8
18,139,53,7.74,1.34,4.4,15,179,61,6.31,2.33,4.44,29,159,56,6.93,1.61,4.48,22,159,51,9.38,2.05,5.48,8,119,64,11.41,2.76,5.25,18,219,55,9.58,1.62,4.46,27,229,73,9.45,2.23,5.44,14,219,61,8.91,2.03,4.5,26,179,62,10.72,2.04,5.63,14,139,69,8.35,1.43,4.76
19,140,37,7.35,3.51,5.02,16,160,41,6.95,3.13,4.96,30,160,40,6.58,3.96,5.22,22,160,38,8.91,5,5.93,9,120,42,11.79,3.5,5.61,19,220,38,9.1,3.68,5.28,28,230,52,9.2,4.77,5.81,15,140,29,8.46,2.97,5.11,27,180,43,11.14,4.48,6.16,15,140,45,7.93,3.83,5.28
19,141,38,6.33,3.49,4.97,16,161,42,7.48,3.56,4.95,30,161,41,6.66,3.64,5.09,22,161,39,9.42,3.8,5.98,9,121,43,11.2,3.32,5.23,19,221,39,8.65,3.35,4.97,28,231,53,9.69,3.8,5.62,15,141,30,8.04,1.87,4.79,27,181,44,11.53,3.69,6.28,15,141,46,7.56,4.06,5.21
19,142,39,6.01,3.47,5.02,16,162,43,8.05,3.38,4.7,30,162,42,6.37,2.55,5.02,22,162,40,8.95,3.61,6.07,9,122,44,11.59,2.3,5.07,19,222,40,8.21,2.6,4.57,28,232,54,10.16,2.66,5.55,14,142,32,7.75,1.75,4.68,27,182,45,10.95,4.46,6.14,15,142,47,7.18,4.12,5.2
19,143,40,6.14,3.3,4.87,16,163,44,7.65,3.1,4.53,30,163,43,6.34,3.38,5.06,22,163,41,9.45,3.43,6.15,9,123,45,11.01,2.18,5.03,19,223,41,7.8,2.47,4.54,28,233,55,9.65,2.43,5.41,14,143,33,8.31,1.25,4.65,27,183,46,9.46,3.34,5.94,15,143,48,7.21,3.34,5.07
19,144,41,6.38,2.9,4.88,16,164,45,7.27,2.94,4.6,30,164,44,6.78,3.12,4.96,22,164,42,9.07,3.26,6.23,9,124,46,11.41,2.08,4.88,19,224,42,8.36,2.22,4.26,28,234,56,9.17,2.31,5.34,14,144,34,7.9,1.19,4.42,27,184,47,8.98,3.03,5.85,15,144,49,6.85,2.77,4.81
19,145,42,7.01,2.75,4.94,16,165,46,6.9,2.8,4.55,30,165,45,6.67,2.97,4.84,22,165,43,9.56,3.1,6.27,9,125,47,10.84,1.97,4.64,19,225,43,7.95,1.16,4.15,28,235,57,9.57,2.2,5.31,14,145,35,7.5,1.13,4.13,27,185,48,8.61,3.01,5.91,15,145,50,7.13,2.63,4.64
19,146,43,7.61,2.6,4.89,16,166,47,7.51,2.66,4.67,30,166,46,7.29,2.64,4.69,22,166,44,10.03,2.21,6.38,9,126,48,10.3,1.87,4.51,18,226,47,8.5,1.1,4.26,28,236,58,9.54,2.09,5.15,13,146,35,7.13,1.18,4.41,27,186,49,9.06,1.91,5.9,15,146,51,6.77,1.91,4.47
19,147,44,8.18,1.74,4.74,16,167,48,8.08,2.95,4.74,30,167,47,6.92,2.51,4.71,22,167,45,10.48,2.1,6.45,9,127,49,9.79,1.77,4.71,18,227,48,9.02,1.62,4.16,28,237,59,9.06,1.48,4.92,13,147,36,6.77,1.13,4.27,27,187,50,9.3,1.82,5.95,15,147,52,6.43,1.82,4.24
19,148,45,7.77,1.65,4.66,16,168,49,7.68,2.8,4.74,30,168,48,6.4,2.61,4.64,22,168,46,10.91,2,6.39,9,128,50,10.25,1.69,4.9,17,228,49,9.52,1.46,4.48,28,238,60,9.56,1.15,4.74,13,148,37,7.3,2.02,4.49,27,188,51,9.24,1.72,6.01,15,148,53,6.11,1.27,3.91
19,149,46,7.38,1.57,4.62,16,169,50,7.29,2.66,4.68,30,169,49,6.89,2.32,4.56,22,169,47,10.36,1.9,6.29,9,129,51,9.73,1.6,4.76,17,229,50,10,1.39,4.43,28,239,61,9.08,1.1,4.57,13,149,38,7.06,2.37,4.34,27,189,52,9.73,1.64,6.06,14,149,54,5.76,2.39,3.89
19,150,47,7.96,2.13,4.94,16,170,51,7.48,2.95,4.62,30,170,50,7.1,1.72,4.56,22,170,48,9.85,1.8,6.15,9,130,52,10.2,1.52,4.94,17,230,51,10.45,1.32,4.37,28,240,62,9.58,1.27,4.62,13,150,39,6.71,1.3,4.27,27,190,53,10.19,2.09,5.83,14,150,55,6.42,1.33,3.76
19,151,48,8.51,2.02,5,16,171,52,8.06,2.8,4.63,30,171,51,7.17,1.63,4.58,22,171,49,9.74,1.96,6.05,9,131,53,9.69,1.45,4.91,16,231,53,9.92,2.21,4.54,27,241,64,9.1,1.35,4.62,13,151,40,7.21,1.24,3.98,27,191,54,8.73,1.99,5.64,13,151,58,7.05,2.16,3.97
19,152,49,8.09,1.92,4.9,16,172,53,8.61,2.66,4.58,30,172,52,7.76,1.55,4.61,21,172,50,9.84,2.53,6.07,9,132,54,9.2,1.37,4.77,16,232,54,9.43,1.33,4.55,27,242,65,8.64,1.14,4.46,12,152,43,6.85,1.17,3.87,26,192,57,8.29,2.26,5.71,13,152,59,6.89,1.13,3.77
19,153,50,7.68,2.23,4.9,16,173,54,8.18,1.62,4.7,29,173,52,7.85,2.37,4.7,21,173,51,9.34,2.4,5.95,9,133,55,8.74,2.25,4.74,16,233,55,9.91,1.27,4.38,26,243,67,8.21,1.08,4.62,11,153,45,6.51,1.12,4.14,26,193,58,8.12,1.2,5.68,12,153,64,7.5,1.07,3.76
19,154,51,7.42,1.17,4.96,15,174,58,7.5,1.57,4.66,29,174,53,8.41,2.25,4.8,21,174,52,9.83,2.28,5.74,9,134,56,8.31,2.14,4.61,16,234,56,10.36,1.75,4.64,26,244,68,8.75,1.03,4.53,11,154,46,6.18,1.06,4.36,26,194,59,7.82,1.14,5.51,11,154,70,8.07,1.02,3.87
18,155,55,8,1.56,5.12,15,175,59,7.43,2.44,4.87,29,175,54,8.94,1.19,4.79,21,175,53,9.34,2.17,5.5,9,135,57,6.94,2.03,4.48,16,235,57,9.84,2.05,4.88,25,245,70,8.31,1.88,4.63,11,155,47,6.45,1.01,4.32,25,195,62,8.37,2.13,5.63,11,155,71,7.67,1.76,3.85
18,156,56,8.44,1.48,5.02,15,176,60,8.01,1.37,4.76,27,176,57,8.49,2.23,5.11,21,176,54,8.87,2.59,5.41,9,136,58,6.16,1.91,4.26,16,236,58,8.4,1.94,4.87,25,246,71,8.85,1.11,4.51,11,156,48,7.08,1.56,4.45,25,196,63,8.82,2.68,5.57,11,156,72,7.31,1.67,4
18,157,57,8.33,1.4,5.03,15,177,61,8.56,1.3,4.77,27,177,58,8.07,1.17,5.03,21,177,55,8.42,2.46,5.27,9,137,59,6.31,1.82,4.26,16,237,59,7.32,2.69,5.04,24,247,72,8.4,1.1,4.7,11,157,49,6.98,1.81,4.31,25,197,64,9.33,2.69,5.67,11,157,73,7.89,1.01,4.06
18,158,58,7.92,1.33,5.15,15,178,62,8.13,1.23,5.1,26,178,61,8.04,2.26,4.92,21,178,56,8.87,2.36,5.14,9,138,60,6.02,1.73,4.15,16,238,60,6.96,2.55,4.85,23,248,71,7.98,1.2,4.86,11,158,50,7.58,1.72,4.27,25,198,65,8.86,2.55,5.58,10,158,78,7.5,1.65,4.15
18,159,59,8.47,1.27,5.16,15,179,63,8.17,2.12,5.17,26,179,62,8.23,2.84,4.93,21,179,57,8.43,2.24,4.93,9,139,61,6.67,1.66,4.05,16,239,61,6.61,2.37,4.61,23,249,72,8.53,1.14,4.98,11,159,51,7.2,1.3,4.23,25,199,66,8.42,2.42,5.42,10,159,79,8.07,1.46,4.04
